time_window,area,latitude,longitude,rainfall_mm,delay_minutes,congestion_percent,incident_count,weather_score,traffic_score,incident_score,civic_pulse_score,pulse_status,anomaly_count,event_status,evidence_level,summary,pulse_explanation
2026-09-24 08:00:00,C-Scheme,26.9118,75.795,2.36,8.835,26.605,1.0,0.0,100.0,0.0,40.0,Elevated Activity,0,Normal,High,C-Scheme is currently showing mostly normal civic conditions. The Civic Pulse Score is 40/100.,🚗 Traffic disruption is elevated (score 100/100).
2026-09-24 08:00:00,Civil Lines,26.9075,75.787,0.48,8.95,18.505000000000003,0.0,0.0,100.0,0.0,40.0,Elevated Activity,0,Normal,High,Civil Lines is currently showing mostly normal civic conditions. The Civic Pulse Score is 40/100.,🚗 Traffic disruption is elevated (score 100/100).
2026-09-24 08:00:00,Durgapura,26.8547,75.805,1.1,8.21,40.545,1.0,0.0,100.0,0.0,40.0,Elevated Activity,0,Normal,High,Durgapura is currently showing mostly normal civic conditions. The Civic Pulse Score is 40/100.,🚗 Traffic disruption is elevated (score 100/100).
2026-09-24 08:00:00,Jagatpura,26.839,75.826,4.2,11.475,40.76,3.0,0.0,100.0,0.0,40.0,Elevated Activity,0,Normal,High,Jagatpura is currently showing mostly normal civic conditions. The Civic Pulse Score is 40/100.,🚗 Traffic disruption is elevated (score 100/100).
2026-09-24 08:00:00,Malviya Nagar,26.8508,75.806,2.75,10.565000000000001,29.47,1.0,0.0,100.0,0.0,40.0,Elevated Activity,0,Normal,High,Malviya Nagar is currently showing mostly normal civic conditions. The Civic Pulse Score is 40/100.,🚗 Traffic disruption is elevated (score 100/100).
2026-09-24 08:00:00,Mansarovar,26.85,75.763,1.65,7.345000000000001,48.235,1.0,0.0,100.0,0.0,40.0,Elevated Activity,0,Normal,High,Mansarovar is currently showing mostly normal civic conditions. The Civic Pulse Score is 40/100.,🚗 Traffic disruption is elevated (score 100/100).
2026-09-24 08:00:00,Pratap Nagar,26.815,75.829,2.31,9.565000000000001,32.945,2.0,0.0,100.0,0.0,40.0,Elevated Activity,0,Normal,High,Pratap Nagar is currently showing mostly normal civic conditions. The Civic Pulse Score is 40/100.,🚗 Traffic disruption is elevated (score 100/100).
2026-09-24 08:00:00,Raja Park,26.9,75.822,1.18,6.545,32.17,0.0,0.0,100.0,0.0,40.0,Elevated Activity,0,Normal,High,Raja Park is currently showing mostly normal civic conditions. The Civic Pulse Score is 40/100.,🚗 Traffic disruption is elevated (score 100/100).
2026-09-24 08:00:00,Sanganer,26.8197,75.769,1.98,6.985,28.025,1.0,0.0,100.0,0.0,40.0,Elevated Activity,0,Normal,High,Sanganer is currently showing mostly normal civic conditions. The Civic Pulse Score is 40/100.,🚗 Traffic disruption is elevated (score 100/100).
2026-09-24 08:00:00,Vaishali Nagar,26.9124,75.7485,1.3,12.64,33.31,3.0,0.0,100.0,0.0,40.0,Elevated Activity,0,Normal,High,Vaishali Nagar is currently showing mostly normal civic conditions. The Civic Pulse Score is 40/100.,🚗 Traffic disruption is elevated (score 100/100).
2026-09-24 08:10:00,C-Scheme,26.9118,75.795,0.41,3.83,30.32,1.0,0.0,100.0,0.0,40.0,Elevated Activity,0,Normal,High,C-Scheme is currently showing mostly normal civic conditions. The Civic Pulse Score is 40/100.,🚗 Traffic disruption is elevated (score 100/100).
2026-09-24 08:10:00,Civil Lines,26.9075,75.787,0.83,6.34,41.68,0.0,0.0,100.0,0.0,40.0,Elevated Activity,0,Normal,High,Civil Lines is currently showing mostly normal civic conditions. The Civic Pulse Score is 40/100.,🚗 Traffic disruption is elevated (score 100/100).
2026-09-24 08:10:00,Durgapura,26.8547,75.805,2.78,6.205,35.825,1.0,0.0,100.0,0.0,40.0,Elevated Activity,0,Normal,High,Durgapura is currently showing mostly normal civic conditions. The Civic Pulse Score is 40/100.,🚗 Traffic disruption is elevated (score 100/100).
2026-09-24 08:10:00,Jagatpura,26.839,75.826,2.34,7.58,36.56,2.0,0.0,100.0,0.0,40.0,Elevated Activity,0,Normal,High,Jagatpura is currently showing mostly normal civic conditions. The Civic Pulse Score is 40/100.,🚗 Traffic disruption is elevated (score 100/100).
2026-09-24 08:10:00,Malviya Nagar,26.8508,75.806,3.19,9.55,15.57,1.0,0.0,100.0,0.0,40.0,Elevated Activity,0,Normal,High,Malviya Nagar is currently showing mostly normal civic conditions. The Civic Pulse Score is 40/100.,🚗 Traffic disruption is elevated (score 100/100).
2026-09-24 08:10:00,Mansarovar,26.85,75.763,2.88,4.52,24.575000000000003,2.0,0.0,100.0,0.0,40.0,Elevated Activity,0,Normal,High,Mansarovar is currently showing mostly normal civic conditions. The Civic Pulse Score is 40/100.,🚗 Traffic disruption is elevated (score 100/100).
2026-09-24 08:10:00,Pratap Nagar,26.815,75.829,4.8,10.59,32.985,1.0,0.0,100.0,0.0,40.0,Elevated Activity,0,Normal,High,Pratap Nagar is currently showing mostly normal civic conditions. The Civic Pulse Score is 40/100.,🚗 Traffic disruption is elevated (score 100/100).
2026-09-24 08:10:00,Raja Park,26.9,75.822,2.39,7.735,29.825000000000003,2.0,0.0,100.0,0.0,40.0,Elevated Activity,0,Normal,High,Raja Park is currently showing mostly normal civic conditions. The Civic Pulse Score is 40/100.,🚗 Traffic disruption is elevated (score 100/100).
2026-09-24 08:10:00,Sanganer,26.8197,75.769,0.98,8.73,28.885,0.0,0.0,100.0,0.0,40.0,Elevated Activity,0,Normal,High,Sanganer is currently showing mostly normal civic conditions. The Civic Pulse Score is 40/100.,🚗 Traffic disruption is elevated (score 100/100).
2026-09-24 08:10:00,Vaishali Nagar,26.9124,75.7485,2.15,8.14,17.975,0.0,0.0,100.0,0.0,40.0,Elevated Activity,0,Normal,High,Vaishali Nagar is currently showing mostly normal civic conditions. The Civic Pulse Score is 40/100.,🚗 Traffic disruption is elevated (score 100/100).
2026-09-24 08:20:00,C-Scheme,26.9118,75.795,0.41,5.5600000000000005,43.625,2.0,0.0,100.0,0.0,40.0,Elevated Activity,0,Normal,High,C-Scheme is currently showing mostly normal civic conditions. The Civic Pulse Score is 40/100.,🚗 Traffic disruption is elevated (score 100/100).
2026-09-24 08:20:00,Civil Lines,26.9075,75.787,0.83,6.5,24.24,3.0,0.0,100.0,0.0,40.0,Elevated Activity,0,Normal,High,Civil Lines is currently showing mostly normal civic conditions. The Civic Pulse Score is 40/100.,🚗 Traffic disruption is elevated (score 100/100).
2026-09-24 08:20:00,Durgapura,26.8547,75.805,2.78,11.745000000000001,42.67,4.0,0.0,100.0,0.0,40.0,Elevated Activity,0,Normal,High,Durgapura is currently showing mostly normal civic conditions. The Civic Pulse Score is 40/100.,🚗 Traffic disruption is elevated (score 100/100).
2026-09-24 08:20:00,Jagatpura,26.839,75.826,2.34,8.98,44.325,0.0,0.0,100.0,0.0,40.0,Elevated Activity,0,Normal,High,Jagatpura is currently showing mostly normal civic conditions. The Civic Pulse Score is 40/100.,🚗 Traffic disruption is elevated (score 100/100).
2026-09-24 08:20:00,Malviya Nagar,26.8508,75.806,3.19,2.9749999999999996,39.21,3.0,0.0,100.0,0.0,40.0,Elevated Activity,0,Normal,High,Malviya Nagar is currently showing mostly normal civic conditions. The Civic Pulse Score is 40/100.,🚗 Traffic disruption is elevated (score 100/100).
2026-09-24 08:20:00,Mansarovar,26.85,75.763,2.88,10.685,41.99,3.0,0.0,100.0,0.0,40.0,Elevated Activity,0,Normal,High,Mansarovar is currently showing mostly normal civic conditions. The Civic Pulse Score is 40/100.,🚗 Traffic disruption is elevated (score 100/100).
2026-09-24 08:20:00,Pratap Nagar,26.815,75.829,4.8,5.49,26.055,2.0,0.0,100.0,0.0,40.0,Elevated Activity,0,Normal,High,Pratap Nagar is currently showing mostly normal civic conditions. The Civic Pulse Score is 40/100.,🚗 Traffic disruption is elevated (score 100/100).
2026-09-24 08:20:00,Raja Park,26.9,75.822,2.39,8.87,45.795,1.0,0.0,100.0,0.0,40.0,Elevated Activity,0,Normal,High,Raja Park is currently showing mostly normal civic conditions. The Civic Pulse Score is 40/100.,🚗 Traffic disruption is elevated (score 100/100).
2026-09-24 08:20:00,Sanganer,26.8197,75.769,0.98,4.335,34.47,2.0,0.0,100.0,0.0,40.0,Elevated Activity,0,Normal,High,Sanganer is currently showing mostly normal civic conditions. The Civic Pulse Score is 40/100.,🚗 Traffic disruption is elevated (score 100/100).
2026-09-24 08:20:00,Vaishali Nagar,26.9124,75.7485,2.15,5.859999999999999,35.075,2.0,0.0,100.0,0.0,40.0,Elevated Activity,0,Normal,High,Vaishali Nagar is currently showing mostly normal civic conditions. The Civic Pulse Score is 40/100.,🚗 Traffic disruption is elevated (score 100/100).
2026-09-24 08:30:00,C-Scheme,26.9118,75.795,5.18,8.765,34.145,2.0,0.0,100.0,0.0,40.0,Elevated Activity,0,Normal,High,C-Scheme is currently showing mostly normal civic conditions. The Civic Pulse Score is 40/100.,🚗 Traffic disruption is elevated (score 100/100).
2026-09-24 08:30:00,Civil Lines,26.9075,75.787,3.9,4.68,39.114999999999995,2.0,0.0,100.0,0.0,40.0,Elevated Activity,0,Normal,High,Civil Lines is currently showing mostly normal civic conditions. The Civic Pulse Score is 40/100.,🚗 Traffic disruption is elevated (score 100/100).
2026-09-24 08:30:00,Durgapura,26.8547,75.805,1.34,12.649999999999999,34.825,1.0,0.0,100.0,0.0,40.0,Elevated Activity,0,Normal,High,Durgapura is currently showing mostly normal civic conditions. The Civic Pulse Score is 40/100.,🚗 Traffic disruption is elevated (score 100/100).
2026-09-24 08:30:00,Jagatpura,26.839,75.826,0.61,8.86,38.91,0.0,0.0,100.0,0.0,40.0,Elevated Activity,0,Normal,High,Jagatpura is currently showing mostly normal civic conditions. The Civic Pulse Score is 40/100.,🚗 Traffic disruption is elevated (score 100/100).
2026-09-24 08:30:00,Malviya Nagar,26.8508,75.806,0.81,8.67,35.61,2.0,0.0,100.0,0.0,40.0,Elevated Activity,0,Normal,High,Malviya Nagar is currently showing mostly normal civic conditions. The Civic Pulse Score is 40/100.,🚗 Traffic disruption is elevated (score 100/100).
2026-09-24 08:30:00,Mansarovar,26.85,75.763,0.2,4.985,32.480000000000004,0.0,0.0,100.0,0.0,40.0,Elevated Activity,0,Normal,High,Mansarovar is currently showing mostly normal civic conditions. The Civic Pulse Score is 40/100.,🚗 Traffic disruption is elevated (score 100/100).
2026-09-24 08:30:00,Pratap Nagar,26.815,75.829,2.3,4.09,39.245000000000005,3.0,0.0,100.0,0.0,40.0,Elevated Activity,0,Normal,High,Pratap Nagar is currently showing mostly normal civic conditions. The Civic Pulse Score is 40/100.,🚗 Traffic disruption is elevated (score 100/100).
2026-09-24 08:30:00,Raja Park,26.9,75.822,1.62,9.065,40.94,3.0,0.0,100.0,0.0,40.0,Elevated Activity,0,Normal,High,Raja Park is currently showing mostly normal civic conditions. The Civic Pulse Score is 40/100.,🚗 Traffic disruption is elevated (score 100/100).
2026-09-24 08:30:00,Sanganer,26.8197,75.769,3.74,8.85,33.11,3.0,0.0,100.0,0.0,40.0,Elevated Activity,0,Normal,High,Sanganer is currently showing mostly normal civic conditions. The Civic Pulse Score is 40/100.,🚗 Traffic disruption is elevated (score 100/100).
2026-09-24 08:30:00,Vaishali Nagar,26.9124,75.7485,4.65,10.385,39.94,2.0,0.0,100.0,0.0,40.0,Elevated Activity,0,Normal,High,Vaishali Nagar is currently showing mostly normal civic conditions. The Civic Pulse Score is 40/100.,🚗 Traffic disruption is elevated (score 100/100).
2026-09-24 08:40:00,C-Scheme,26.9118,75.795,4.18,9.6,38.54,1.0,0.0,100.0,0.0,40.0,Elevated Activity,0,Normal,High,C-Scheme is currently showing mostly normal civic conditions. The Civic Pulse Score is 40/100.,🚗 Traffic disruption is elevated (score 100/100).
2026-09-24 08:40:00,Civil Lines,26.9075,75.787,3.31,8.785,41.44,1.0,0.0,100.0,0.0,40.0,Elevated Activity,0,Normal,High,Civil Lines is currently showing mostly normal civic conditions. The Civic Pulse Score is 40/100.,🚗 Traffic disruption is elevated (score 100/100).
2026-09-24 08:40:00,Durgapura,26.8547,75.805,3.43,5.175,33.765,3.0,0.0,100.0,0.0,40.0,Elevated Activity,0,Normal,High,Durgapura is currently showing mostly normal civic conditions. The Civic Pulse Score is 40/100.,🚗 Traffic disruption is elevated (score 100/100).
2026-09-24 08:40:00,Jagatpura,26.839,75.826,0.74,10.075,28.695,1.0,0.0,100.0,0.0,40.0,Elevated Activity,0,Normal,High,Jagatpura is currently showing mostly normal civic conditions. The Civic Pulse Score is 40/100.,🚗 Traffic disruption is elevated (score 100/100).
2026-09-24 08:40:00,Malviya Nagar,26.8508,75.806,2.78,4.17,35.67,4.0,0.0,100.0,0.0,40.0,Elevated Activity,0,Normal,High,Malviya Nagar is currently showing mostly normal civic conditions. The Civic Pulse Score is 40/100.,🚗 Traffic disruption is elevated (score 100/100).
2026-09-24 08:40:00,Mansarovar,26.85,75.763,3.04,10.135,23.03,0.0,0.0,100.0,0.0,40.0,Elevated Activity,0,Normal,High,Mansarovar is currently showing mostly normal civic conditions. The Civic Pulse Score is 40/100.,🚗 Traffic disruption is elevated (score 100/100).
2026-09-24 08:40:00,Pratap Nagar,26.815,75.829,0.0,7.4350000000000005,23.84,3.0,0.0,100.0,0.0,40.0,Elevated Activity,0,Normal,High,Pratap Nagar is currently showing mostly normal civic conditions. The Civic Pulse Score is 40/100.,🚗 Traffic disruption is elevated (score 100/100).
2026-09-24 08:40:00,Raja Park,26.9,75.822,0.86,5.05,50.085,3.0,0.0,100.0,0.0,40.0,Elevated Activity,0,Normal,High,Raja Park is currently showing mostly normal civic conditions. The Civic Pulse Score is 40/100.,🚗 Traffic disruption is elevated (score 100/100).
2026-09-24 08:40:00,Sanganer,26.8197,75.769,0.02,6.545,25.905,2.0,0.0,100.0,0.0,40.0,Elevated Activity,0,Normal,High,Sanganer is currently showing mostly normal civic conditions. The Civic Pulse Score is 40/100.,🚗 Traffic disruption is elevated (score 100/100).
2026-09-24 08:40:00,Vaishali Nagar,26.9124,75.7485,2.15,12.305,26.345,0.0,0.0,100.0,0.0,40.0,Elevated Activity,0,Normal,High,Vaishali Nagar is currently showing mostly normal civic conditions. The Civic Pulse Score is 40/100.,🚗 Traffic disruption is elevated (score 100/100).
2026-09-24 08:50:00,C-Scheme,26.9118,75.795,4.18,7.835,40.775,2.0,15.433915410273034,11.221771441672372,21.86897519679064,15.7,Normal,0,Normal,High,C-Scheme is currently showing mostly normal civic conditions. The Civic Pulse Score is 16/100.,No major signal is currently contributing to the Civic Pulse Score.
2026-09-24 08:50:00,Civil Lines,26.9075,75.787,3.31,7.01,32.32,4.0,17.94520089517786,0.8499557608670105,42.91712344434889,18.6,Normal,1,Watch,High,Civil Lines: One civic signal is showing unusual activity. Observed signals: civic incidents are elevated (4). Civic Pulse Score: 19/100. These signals are temporally associated; the system does not infer causation.,🚨 Civic incidents are elevated (score 43/100).
2026-09-24 08:50:00,Durgapura,26.8547,75.805,3.43,9.36,29.240000000000002,1.0,22.5815756239402,23.107523467184055,14.132142689802297,20.3,Moderate Activity,1,Watch,High,Durgapura: One civic signal is showing unusual activity. Observed signals: traffic congestion is unusually high (29%). Civic Pulse Score: 20/100. These signals are temporally associated; the system does not infer causation.,No major signal is currently contributing to the Civic Pulse Score.
2026-09-24 08:50:00,Jagatpura,26.839,75.826,0.74,9.75,34.95,2.0,17.82194097956134,7.389048262539414,12.26203526981397,12.0,Normal,0,Normal,High,Jagatpura is currently showing mostly normal civic conditions. The Civic Pulse Score is 12/100.,No major signal is currently contributing to the Civic Pulse Score.
2026-09-24 08:50:00,Malviya Nagar,26.8508,75.806,2.78,8.16,34.93,2.0,4.751305376653273,6.952889484636547,3.065508817453495,5.1,Normal,0,Normal,High,Malviya Nagar is currently showing mostly normal civic conditions. The Civic Pulse Score is 5/100.,No major signal is currently contributing to the Civic Pulse Score.
2026-09-24 08:50:00,Mansarovar,26.85,75.763,3.04,7.13,37.894999999999996,2.0,14.962675167419066,4.927211302796742,12.26203526981397,10.1,Normal,0,Normal,High,Mansarovar is currently showing mostly normal civic conditions. The Civic Pulse Score is 10/100.,No major signal is currently contributing to the Civic Pulse Score.
2026-09-24 08:50:00,Pratap Nagar,26.815,75.829,0.0,6.390000000000001,33.49,1.0,28.124966320017787,7.868939280030034,28.651241840085223,20.2,Moderate Activity,0,Normal,High,Pratap Nagar is currently showing mostly normal civic conditions. The Civic Pulse Score is 20/100.,No major signal is currently contributing to the Civic Pulse Score.
2026-09-24 08:50:00,Raja Park,26.9,75.822,0.86,7.265,24.795,1.0,23.782166720594105,18.37915118247735,12.26203526981397,18.2,Normal,0,Normal,High,Raja Park is currently showing mostly normal civic conditions. The Civic Pulse Score is 18/100.,No major signal is currently contributing to the Civic Pulse Score.
2026-09-24 08:50:00,Sanganer,26.8197,75.769,0.02,9.085,29.060000000000002,2.0,21.51959969729601,13.623360323297213,7.010315700852924,14.0,Normal,0,Normal,High,Sanganer is currently showing mostly normal civic conditions. The Civic Pulse Score is 14/100.,No major signal is currently contributing to the Civic Pulse Score.
2026-09-24 08:50:00,Vaishali Nagar,26.9124,75.7485,2.15,6.37,31.255,1.0,5.20227781453264,13.027805205895922,5.958406805780997,8.6,Normal,0,Normal,High,Vaishali Nagar is currently showing mostly normal civic conditions. The Civic Pulse Score is 9/100.,No major signal is currently contributing to the Civic Pulse Score.
2026-09-24 09:00:00,C-Scheme,26.9118,75.795,2.12,5.69,31.9,2.0,6.48895444259527,13.454090687439756,18.22414599732553,12.8,Normal,0,Normal,High,C-Scheme is currently showing mostly normal civic conditions. The Civic Pulse Score is 13/100.,No major signal is currently contributing to the Civic Pulse Score.
2026-09-24 09:00:00,Civil Lines,26.9075,75.787,0.44,8.785,46.965,4.0,21.529747922028022,25.2750787659862,28.55989104242955,25.1,Moderate Activity,0,Normal,High,Civil Lines is currently showing mostly normal civic conditions. The Civic Pulse Score is 25/100.,No major signal is currently contributing to the Civic Pulse Score.
2026-09-24 09:00:00,Durgapura,26.8547,75.805,2.07,4.3100000000000005,36.01,2.0,7.976060191743733,15.718747579938029,2.5059639388949213,9.4,Normal,0,Normal,High,Durgapura is currently showing mostly normal civic conditions. The Civic Pulse Score is 9/100.,No major signal is currently contributing to the Civic Pulse Score.
2026-09-24 09:00:00,Jagatpura,26.839,75.826,3.39,4.965,40.715,2.0,22.067840181230977,40.341994302716614,11.000554242550592,26.1,Moderate Activity,1,Watch,High,Jagatpura: One civic signal is showing unusual activity. Observed signals: traffic delay is unusually high (5.0 min). Civic Pulse Score: 26/100. These signals are temporally associated; the system does not infer causation.,🚗 Traffic disruption is elevated (score 40/100).
2026-09-24 09:00:00,Malviya Nagar,26.8508,75.806,1.81,9.05,33.01,4.0,17.303365155222597,7.0449910436538925,31.33782082999118,17.4,Normal,0,Normal,High,Malviya Nagar is currently showing mostly normal civic conditions. The Civic Pulse Score is 17/100.,No major signal is currently contributing to the Civic Pulse Score.
2026-09-24 09:00:00,Mansarovar,26.85,75.763,0.87,7.44,37.58,2.0,24.55541124431518,3.012205110639462,11.000554242550592,11.9,Normal,0,Normal,High,Mansarovar is currently showing mostly normal civic conditions. The Civic Pulse Score is 12/100.,No major signal is currently contributing to the Civic Pulse Score.
2026-09-24 09:00:00,Pratap Nagar,26.815,75.829,2.75,4.37,28.415,1.0,3.5533822160871056,17.10294312511511,22.335707694632518,14.6,Normal,0,Normal,High,Pratap Nagar is currently showing mostly normal civic conditions. The Civic Pulse Score is 15/100.,No major signal is currently contributing to the Civic Pulse Score.
2026-09-24 09:00:00,Raja Park,26.9,75.822,1.02,5.82,39.56,1.0,14.953971599951032,12.961114686132243,11.000554242550592,13.0,Normal,0,Normal,High,Raja Park is currently showing mostly normal civic conditions. The Civic Pulse Score is 13/100.,No major signal is currently contributing to the Civic Pulse Score.
2026-09-24 09:00:00,Sanganer,26.8197,75.769,1.64,9.855,27.22,0.0,5.019373095211367,21.49170259724751,32.24364144680901,19.8,Normal,0,Normal,High,Sanganer is currently showing mostly normal civic conditions. The Civic Pulse Score is 20/100.,No major signal is currently contributing to the Civic Pulse Score.
2026-09-24 09:00:00,Vaishali Nagar,26.9124,75.7485,4.53,7.79,31.555,2.0,36.838738367950796,6.266140510878582,11.000554242550592,16.9,Normal,0,Normal,High,Vaishali Nagar is currently showing mostly normal civic conditions. The Civic Pulse Score is 17/100.,No major signal is currently contributing to the Civic Pulse Score.
2026-09-24 09:10:00,C-Scheme,26.9118,75.795,2.42,8.755,30.25,3.0,2.8681818407716797,15.442109633880126,53.35243511600778,23.0,Moderate Activity,1,Watch,High,C-Scheme: One civic signal is showing unusual activity. Observed signals: civic incidents are elevated (3). Civic Pulse Score: 23/100. These signals are temporally associated; the system does not infer causation.,🚨 Civic incidents are elevated (score 53/100).
2026-09-24 09:10:00,Civil Lines,26.9075,75.787,2.16,5.99,41.894999999999996,1.0,3.721967953229546,14.834889954124533,11.540342563906705,10.5,Normal,0,Normal,High,Civil Lines is currently showing mostly normal civic conditions. The Civic Pulse Score is 10/100.,No major signal is currently contributing to the Civic Pulse Score.
2026-09-24 09:10:00,Durgapura,26.8547,75.805,2.08,8.835,23.475,3.0,7.176354413269884,30.486648157400552,18.797212102698445,20.0,Moderate Activity,1,Watch,High,Durgapura: One civic signal is showing unusual activity. Observed signals: traffic congestion is unusually high (23%). Civic Pulse Score: 20/100. These signals are temporally associated; the system does not infer causation.,No major signal is currently contributing to the Civic Pulse Score.
2026-09-24 09:10:00,Jagatpura,26.839,75.826,0.81,8.61,39.595,3.0,17.477162950855124,4.4301044312508555,27.69297178187694,15.3,Normal,0,Normal,High,Jagatpura is currently showing mostly normal civic conditions. The Civic Pulse Score is 15/100.,No major signal is currently contributing to the Civic Pulse Score.
2026-09-24 09:10:00,Malviya Nagar,26.8508,75.806,3.14,5.585,45.535,2.0,15.39172368986809,24.45932205938331,6.731040736846531,16.4,Normal,0,Normal,High,Malviya Nagar is currently showing mostly normal civic conditions. The Civic Pulse Score is 16/100.,No major signal is currently contributing to the Civic Pulse Score.
2026-09-24 09:10:00,Mansarovar,26.85,75.763,2.62,6.605,38.36,4.0,9.171044166662142,7.254466111569729,45.31577200670772,19.2,Normal,1,Watch,High,Mansarovar: One civic signal is showing unusual activity. Observed signals: civic incidents are elevated (4). Civic Pulse Score: 19/100. These signals are temporally associated; the system does not infer causation.,🚨 Civic incidents are elevated (score 45/100).
2026-09-24 09:10:00,Pratap Nagar,26.815,75.829,3.23,9.085,45.760000000000005,1.0,8.209317273442544,37.151440849398355,19.03206750451147,23.0,Moderate Activity,1,Watch,High,Pratap Nagar: One civic signal is showing unusual activity. Observed signals: traffic congestion is unusually high (46%). Civic Pulse Score: 23/100. These signals are temporally associated; the system does not infer causation.,No major signal is currently contributing to the Civic Pulse Score.
2026-09-24 09:10:00,Raja Park,26.9,75.822,4.39,5.75,21.07,1.0,86.07183988860666,27.856776219726704,10.070171557046159,40.0,Elevated Activity,1,Watch,High,Raja Park: One civic signal is showing unusual activity. Observed signals: rainfall is unusually high (4.4 mm). Civic Pulse Score: 40/100. These signals are temporally associated; the system does not infer causation.,🌧️ Weather activity is elevated (score 86/100).
2026-09-24 09:10:00,Sanganer,26.8197,75.769,1.76,7.75,37.865,1.0,6.5446459928306675,26.77886174608277,7.552628667784621,14.9,Normal,1,Watch,High,Sanganer: One civic signal is showing unusual activity. Observed signals: traffic congestion is unusually high (38%). Civic Pulse Score: 15/100. These signals are temporally associated; the system does not infer causation.,No major signal is currently contributing to the Civic Pulse Score.
2026-09-24 09:10:00,Vaishali Nagar,26.9124,75.7485,0.0,7.995,39.81,0.0,41.5415765832296,16.83869757365961,25.1754288926154,26.8,Moderate Activity,1,Watch,High,Vaishali Nagar: One civic signal is showing unusual activity. Observed signals: rainfall is unusually high (0.0 mm). Civic Pulse Score: 27/100. These signals are temporally associated; the system does not infer causation.,🌧️ Weather activity is elevated (score 42/100).
2026-09-24 09:20:00,C-Scheme,26.9118,75.795,2.42,7.195,49.135000000000005,2.0,2.7065691611400684,25.557746840250797,7.0610819340293425,13.2,Normal,1,Watch,High,C-Scheme: One civic signal is showing unusual activity. Observed signals: traffic congestion is unusually high (49%). Civic Pulse Score: 13/100. These signals are temporally associated; the system does not infer causation.,No major signal is currently contributing to the Civic Pulse Score.
2026-09-24 09:20:00,Civil Lines,26.9075,75.787,2.16,14.015,35.230000000000004,1.0,3.508625611599059,44.53304641705425,10.650725476826475,22.1,Moderate Activity,1,Watch,High,Civil Lines: One civic signal is showing unusual activity. Observed signals: traffic delay is unusually high (14.0 min). Civic Pulse Score: 22/100. These signals are temporally associated; the system does not infer causation.,🚗 Traffic disruption is elevated (score 45/100).
2026-09-24 09:20:00,Durgapura,26.8547,75.805,2.08,11.94,35.405,3.0,6.7190086373769455,13.580895769466494,16.719212234130076,12.5,Normal,0,Normal,High,Durgapura is currently showing mostly normal civic conditions. The Civic Pulse Score is 12/100.,No major signal is currently contributing to the Civic Pulse Score.
2026-09-24 09:20:00,Jagatpura,26.839,75.826,0.81,9.675,32.745000000000005,0.0,15.667019129664634,15.86402339344894,27.339988864815723,19.2,Normal,0,Normal,High,Jagatpura is currently showing mostly normal civic conditions. The Civic Pulse Score is 19/100.,No major signal is currently contributing to the Civic Pulse Score.
2026-09-24 09:20:00,Malviya Nagar,26.8508,75.806,3.14,8.969999999999999,33.17,0.0,13.954730641722929,6.454043978454145,39.958445263961444,18.8,Normal,0,Normal,High,Malviya Nagar is currently showing mostly normal civic conditions. The Civic Pulse Score is 19/100.,No major signal is currently contributing to the Civic Pulse Score.
2026-09-24 09:20:00,Mansarovar,26.85,75.763,2.62,6.6899999999999995,40.2,2.0,8.537034622214128,8.563249106533672,3.597820772059582,7.1,Normal,0,Normal,High,Mansarovar is currently showing mostly normal civic conditions. The Civic Pulse Score is 7/100.,No major signal is currently contributing to the Civic Pulse Score.
2026-09-24 09:20:00,Pratap Nagar,26.815,75.829,3.23,4.395,34.34,1.0,7.664741044316722,13.263283933074854,16.90321284862207,12.7,Normal,0,Normal,High,Pratap Nagar is currently showing mostly normal civic conditions. The Civic Pulse Score is 13/100.,No major signal is currently contributing to the Civic Pulse Score.
2026-09-24 09:20:00,Raja Park,26.9,75.822,4.39,6.745,41.54,1.0,42.266694163046225,7.687125819463995,9.345401644161292,18.6,Normal,1,Watch,High,Raja Park: One civic signal is showing unusual activity. Observed signals: rainfall is unusually high (4.4 mm). Civic Pulse Score: 19/100. These signals are temporally associated; the system does not infer causation.,🌧️ Weather activity is elevated (score 42/100).
2026-09-24 09:20:00,Sanganer,26.8197,75.769,1.76,10.780000000000001,29.375,3.0,6.1372462738145295,19.84159584661235,30.612432173579,19.0,Normal,0,Normal,High,Sanganer is currently showing mostly normal civic conditions. The Civic Pulse Score is 19/100.,No major signal is currently contributing to the Civic Pulse Score.
2026-09-24 09:20:00,Vaishali Nagar,26.9124,75.7485,0.0,8.17,37.14,0.0,30.75426065474352,10.23250622853324,21.44147162832132,19.8,Normal,0,Normal,High,Vaishali Nagar is currently showing mostly normal civic conditions. The Civic Pulse Score is 20/100.,No major signal is currently contributing to the Civic Pulse Score.
2026-09-24 09:30:00,C-Scheme,26.9118,75.795,2.61,6.65,31.755000000000003,1.0,0.25688622952114587,9.533803767696545,23.29838575470128,10.9,Normal,0,Normal,High,C-Scheme is currently showing mostly normal civic conditions. The Civic Pulse Score is 11/100.,No major signal is currently contributing to the Civic Pulse Score.
2026-09-24 09:30:00,Civil Lines,26.9075,75.787,2.38,7.085,34.675,3.0,6.589018814966289,4.093881789806774,15.62472559134463,8.3,Normal,0,Normal,High,Civil Lines is currently showing mostly normal civic conditions. The Civic Pulse Score is 8/100.,No major signal is currently contributing to the Civic Pulse Score.
2026-09-24 09:30:00,Durgapura,26.8547,75.805,1.08,7.785,41.894999999999996,5.0,30.41119755612311,15.832479900886781,49.48139689789704,30.3,Moderate Activity,1,Watch,High,Durgapura: One civic signal is showing unusual activity. Observed signals: civic incidents are elevated (5). Civic Pulse Score: 30/100. These signals are temporally associated; the system does not infer causation.,🚨 Civic incidents are elevated (score 49/100).
2026-09-24 09:30:00,Jagatpura,26.839,75.826,0.0,9.605,44.010000000000005,2.0,26.36702536489034,17.663573069791482,8.982064651406759,17.7,Normal,0,Normal,High,Jagatpura is currently showing mostly normal civic conditions. The Civic Pulse Score is 18/100.,No major signal is currently contributing to the Civic Pulse Score.
2026-09-24 09:30:00,Malviya Nagar,26.8508,75.806,2.46,10.555,30.695,1.0,3.995220940741582,15.093181399556032,16.27732769502672,12.1,Normal,0,Normal,High,Malviya Nagar is currently showing mostly normal civic conditions. The Civic Pulse Score is 12/100.,No major signal is currently contributing to the Civic Pulse Score.
2026-09-24 09:30:00,Mansarovar,26.85,75.763,2.26,8.185,37.525,3.0,1.145656448315318,6.2463826188427625,18.76432723467907,8.5,Normal,0,Normal,High,Mansarovar is currently showing mostly normal civic conditions. The Civic Pulse Score is 8/100.,No major signal is currently contributing to the Civic Pulse Score.
2026-09-24 09:30:00,Pratap Nagar,26.815,75.829,2.74,5.695,25.645,1.0,1.5837380801909748,15.599284584089602,15.378249904945449,11.3,Normal,0,Normal,High,Pratap Nagar is currently showing mostly normal civic conditions. The Civic Pulse Score is 11/100.,No major signal is currently contributing to the Civic Pulse Score.
2026-09-24 09:30:00,Raja Park,26.9,75.822,2.78,9.905000000000001,32.8,1.0,9.304426834152437,24.52669391892472,8.759305863538277,15.2,Normal,1,Watch,High,Raja Park: One civic signal is showing unusual activity. Observed signals: traffic delay is unusually high (9.9 min). Civic Pulse Score: 15/100. These signals are temporally associated; the system does not infer causation.,No major signal is currently contributing to the Civic Pulse Score.
2026-09-24 09:30:00,Sanganer,26.8197,75.769,0.54,9.875,39.625,0.0,15.706944200870886,32.78095191509766,27.498172176469172,26.1,Moderate Activity,1,Watch,High,Sanganer: One civic signal is showing unusual activity. Observed signals: traffic congestion is unusually high (40%). Civic Pulse Score: 26/100. These signals are temporally associated; the system does not infer causation.,No major signal is currently contributing to the Civic Pulse Score.
2026-09-24 09:30:00,Vaishali Nagar,26.9124,75.7485,1.19,5.725,38.995000000000005,0.0,11.241732704727989,22.278416749917636,19.03130649919117,18.0,Normal,0,Normal,High,Vaishali Nagar is currently showing mostly normal civic conditions. The Civic Pulse Score is 18/100.,No major signal is currently contributing to the Civic Pulse Score.
2026-09-24 09:40:00,C-Scheme,26.9118,75.795,1.04,7.865,33.63,1.0,20.507363561064903,6.164922059001539,20.711635286889575,14.8,Normal,0,Normal,High,C-Scheme is currently showing mostly normal civic conditions. The Civic Pulse Score is 15/100.,No major signal is currently contributing to the Civic Pulse Score.
2026-09-24 09:40:00,Civil Lines,26.9075,75.787,0.75,10.99,39.755,1.0,19.223296704374754,17.064494565634835,11.804177146981027,16.1,Normal,0,Normal,High,Civil Lines is currently showing mostly normal civic conditions. The Civic Pulse Score is 16/100.,No major signal is currently contributing to the Civic Pulse Score.
2026-09-24 09:40:00,Durgapura,26.8547,75.805,2.99,5.235,23.345,0.0,17.578738527237153,32.38385329168132,33.546711244499186,28.3,Moderate Activity,1,Watch,High,Durgapura: One civic signal is showing unusual activity. Observed signals: traffic congestion is unusually high (23%). Civic Pulse Score: 28/100. These signals are temporally associated; the system does not infer causation.,No major signal is currently contributing to the Civic Pulse Score.
2026-09-24 09:40:00,Jagatpura,26.839,75.826,2.3,10.82,33.905,3.0,10.11152810902912,19.262337759879088,25.434262435384664,18.4,Normal,0,Normal,High,Jagatpura is currently showing mostly normal civic conditions. The Civic Pulse Score is 18/100.,No major signal is currently contributing to the Civic Pulse Score.
2026-09-24 09:40:00,Malviya Nagar,26.8508,75.806,1.93,9.48,26.389999999999997,3.0,17.712868638948905,15.181140967895788,14.988758431176619,15.9,Normal,0,Normal,High,Malviya Nagar is currently showing mostly normal civic conditions. The Civic Pulse Score is 16/100.,No major signal is currently contributing to the Civic Pulse Score.
2026-09-24 09:40:00,Mansarovar,26.85,75.763,2.25,8.1,39.58,1.0,0.8908954149881699,8.160853951847841,13.978585484292093,7.7,Normal,0,Normal,High,Mansarovar is currently showing mostly normal civic conditions. The Civic Pulse Score is 8/100.,No major signal is currently contributing to the Civic Pulse Score.
2026-09-24 09:40:00,Pratap Nagar,26.815,75.829,1.22,9.435,32.650000000000006,2.0,17.013650584725106,12.152758630330085,9.475596305562439,12.8,Normal,0,Normal,High,Pratap Nagar is currently showing mostly normal civic conditions. The Civic Pulse Score is 13/100.,No major signal is currently contributing to the Civic Pulse Score.
2026-09-24 09:40:00,Raja Park,26.9,75.822,1.08,9.379999999999999,30.44,1.0,16.424060891838973,18.97960258915022,8.272224146634121,15.0,Normal,0,Normal,High,Raja Park is currently showing mostly normal civic conditions. The Civic Pulse Score is 15/100.,No major signal is currently contributing to the Civic Pulse Score.
2026-09-24 09:40:00,Sanganer,26.8197,75.769,0.0,5.265000000000001,34.78,0.0,24.259763903622854,23.062507297685364,23.834091756669128,23.7,Moderate Activity,0,Normal,High,Sanganer is currently showing mostly normal civic conditions. The Civic Pulse Score is 24/100.,No major signal is currently contributing to the Civic Pulse Score.
2026-09-24 09:40:00,Vaishali Nagar,26.9124,75.7485,1.04,9.75,39.05,0.0,12.43481854302498,13.463719024416744,17.305521054829565,14.3,Normal,0,Normal,High,Vaishali Nagar is currently showing mostly normal civic conditions. The Civic Pulse Score is 14/100.,No major signal is currently contributing to the Civic Pulse Score.
2026-09-24 09:50:00,C-Scheme,26.9118,75.795,1.04,10.5,34.39,0.0,18.683211602174218,19.806633066169912,48.47049673244625,28.1,Moderate Activity,1,Watch,High,C-Scheme: One civic signal is showing unusual activity. Observed signals: civic incidents are elevated (0). Civic Pulse Score: 28/100. These signals are temporally associated; the system does not infer causation.,🚨 Civic incidents are elevated (score 48/100).
2026-09-24 09:50:00,Civil Lines,26.9075,75.787,0.75,7.234999999999999,33.870000000000005,0.0,17.616075462738138,5.825886347115045,24.70472472012824,15.0,Normal,0,Normal,High,Civil Lines is currently showing mostly normal civic conditions. The Civic Pulse Score is 15/100.,No major signal is currently contributing to the Civic Pulse Score.
2026-09-24 09:50:00,Durgapura,26.8547,75.805,2.99,7.805000000000001,47.66,3.0,16.222373233743483,22.000391378129667,10.636704551024645,16.9,Normal,1,Watch,High,Durgapura: One civic signal is showing unusual activity. Observed signals: traffic congestion is unusually high (48%). Civic Pulse Score: 17/100. These signals are temporally associated; the system does not infer causation.,No major signal is currently contributing to the Civic Pulse Score.
2026-09-24 09:50:00,Jagatpura,26.839,75.826,2.3,10.434999999999999,33.635000000000005,2.0,9.566363501202291,15.966696835551266,6.025231033901607,11.1,Normal,0,Normal,High,Jagatpura is currently showing mostly normal civic conditions. The Civic Pulse Score is 11/100.,No major signal is currently contributing to the Civic Pulse Score.
2026-09-24 09:50:00,Malviya Nagar,26.8508,75.806,1.93,7.07,22.265,1.0,16.336838118363147,17.202471736634116,16.76581124869695,16.8,Normal,0,Normal,High,Malviya Nagar is currently showing mostly normal civic conditions. The Civic Pulse Score is 17/100.,No major signal is currently contributing to the Civic Pulse Score.
2026-09-24 09:50:00,Mansarovar,26.85,75.763,2.25,9.73,39.265,4.0,0.853582380602462,16.069943766069727,34.868518937028334,17.1,Normal,0,Normal,High,Mansarovar is currently showing mostly normal civic conditions. The Civic Pulse Score is 17/100.,No major signal is currently contributing to the Civic Pulse Score.
2026-09-24 09:50:00,Pratap Nagar,26.815,75.829,1.22,10.19,42.254999999999995,1.0,15.737704668559143,29.21000687322479,15.711909684004333,21.1,Moderate Activity,0,Normal,High,Pratap Nagar is currently showing mostly normal civic conditions. The Civic Pulse Score is 21/100.,No major signal is currently contributing to the Civic Pulse Score.
2026-09-24 09:50:00,Raja Park,26.9,75.822,1.08,7.994999999999999,34.425,1.0,15.227545765777426,4.2598682888236805,7.858871134740053,8.6,Normal,0,Normal,High,Raja Park is currently showing mostly normal civic conditions. The Civic Pulse Score is 9/100.,No major signal is currently contributing to the Civic Pulse Score.
2026-09-24 09:50:00,Sanganer,26.8197,75.769,0.0,5.555,44.09,0.0,21.68902610736119,39.33425140869606,21.356734920623524,28.6,Moderate Activity,1,Watch,High,Sanganer: One civic signal is showing unusual activity. Observed signals: traffic congestion is unusually high (44%). Civic Pulse Score: 29/100. These signals are temporally associated; the system does not infer causation.,No major signal is currently contributing to the Civic Pulse Score.
2026-09-24 09:50:00,Vaishali Nagar,26.9124,75.7485,1.04,7.02,27.384999999999998,0.0,11.689296607497877,16.123761406021107,15.988488492970468,14.8,Normal,0,Normal,High,Vaishali Nagar is currently showing mostly normal civic conditions. The Civic Pulse Score is 15/100.,No major signal is currently contributing to the Civic Pulse Score.
2026-09-24 10:00:00,C-Scheme,26.9118,75.795,3.26,8.675,38.07,1.0,11.69256842870837,9.809594577391188,12.519968799082573,11.2,Normal,0,Normal,High,C-Scheme is currently showing mostly normal civic conditions. The Civic Pulse Score is 11/100.,No major signal is currently contributing to the Civic Pulse Score.
2026-09-24 10:00:00,Civil Lines,26.9075,75.787,1.32,11.665,43.33,2.0,7.263715696618923,23.826946471452864,4.448974632869168,13.0,Normal,0,Normal,High,Civil Lines is currently showing mostly normal civic conditions. The Civic Pulse Score is 13/100.,No major signal is currently contributing to the Civic Pulse Score.
2026-09-24 10:00:00,Durgapura,26.8547,75.805,1.67,11.45,31.175,2.0,15.889474672417798,17.10254884044734,3.365255747345097,12.6,Normal,0,Normal,High,Durgapura is currently showing mostly normal civic conditions. The Civic Pulse Score is 13/100.,No major signal is currently contributing to the Civic Pulse Score.
2026-09-24 10:00:00,Jagatpura,26.839,75.826,3.18,5.535,34.1,2.0,22.793467451318325,28.639900637677805,5.7685070182765195,20.0,Moderate Activity,1,Watch,High,Jagatpura: One civic signal is showing unusual activity. Observed signals: traffic delay is unusually high (5.5 min). Civic Pulse Score: 20/100. These signals are temporally associated; the system does not infer causation.,No major signal is currently contributing to the Civic Pulse Score.
2026-09-24 10:00:00,Malviya Nagar,26.8508,75.806,2.96,6.58,52.26,2.0,12.670683439514958,31.45327667358476,0.0,16.4,Normal,1,Watch,High,Malviya Nagar: One civic signal is showing unusual activity. Observed signals: traffic congestion is unusually high (52%). Civic Pulse Score: 16/100. These signals are temporally associated; the system does not infer causation.,No major signal is currently contributing to the Civic Pulse Score.
2026-09-24 10:00:00,Mansarovar,26.85,75.763,1.87,9.455,31.44,0.0,7.683141919993504,17.133731490551526,29.642810251928292,18.1,Normal,0,Normal,High,Mansarovar is currently showing mostly normal civic conditions. The Civic Pulse Score is 18/100.,No major signal is currently contributing to the Civic Pulse Score.
2026-09-24 10:00:00,Pratap Nagar,26.815,75.829,4.7,6.6499999999999995,31.025000000000002,1.0,29.308977364916082,5.4966766839691195,14.694248069070287,15.4,Normal,0,Normal,High,Pratap Nagar is currently showing mostly normal civic conditions. The Civic Pulse Score is 15/100.,No major signal is currently contributing to the Civic Pulse Score.
2026-09-24 10:00:00,Raja Park,26.9,75.822,1.99,12.08,37.33,5.0,0.20599246242844774,31.34566901186293,82.52446560138324,37.4,Moderate Activity,2,Elevated,High,"Raja Park: Multiple civic signals are showing unusual activity. Observed signals: traffic delay is unusually high (12.1 min), civic incidents are elevated (5). Civic Pulse Score: 37/100. These signals are temporally associated; the system does not infer causation.",🚨 Civic incidents are elevated (score 83/100).
2026-09-24 10:00:00,Sanganer,26.8197,75.769,1.63,7.13,32.285,1.0,9.063504767059918,3.9909373263005317,2.7907634725949526,5.2,Normal,0,Normal,High,Sanganer is currently showing mostly normal civic conditions. The Civic Pulse Score is 5/100.,No major signal is currently contributing to the Civic Pulse Score.
2026-09-24 10:00:00,Vaishali Nagar,26.9124,75.7485,1.94,5.88,39.865,1.0,1.0426746056348053,21.353588017029274,2.9878193410496356,9.8,Normal,0,Normal,High,Vaishali Nagar is currently showing mostly normal civic conditions. The Civic Pulse Score is 10/100.,No major signal is currently contributing to the Civic Pulse Score.
2026-09-24 10:10:00,C-Scheme,26.9118,75.795,3.09,4.825,36.129999999999995,1.0,8.376360746016706,14.944622039257766,12.519968799082573,12.2,Normal,0,Normal,High,C-Scheme is currently showing mostly normal civic conditions. The Civic Pulse Score is 12/100.,No major signal is currently contributing to the Civic Pulse Score.
2026-09-24 10:10:00,Civil Lines,26.9075,75.787,2.12,9.14,29.795,1.0,4.5986585509954585,16.465609885082593,11.866966206213007,11.5,Normal,0,Normal,High,Civil Lines is currently showing mostly normal civic conditions. The Civic Pulse Score is 12/100.,No major signal is currently contributing to the Civic Pulse Score.
2026-09-24 10:10:00,Durgapura,26.8547,75.805,1.06,9.434999999999999,38.795,4.0,33.826551499578464,8.788631891221543,23.20485299123162,20.6,Moderate Activity,0,Normal,High,Durgapura is currently showing mostly normal civic conditions. The Civic Pulse Score is 21/100.,No major signal is currently contributing to the Civic Pulse Score.
2026-09-24 10:10:00,Jagatpura,26.839,75.826,3.5,5.5600000000000005,24.740000000000002,2.0,33.08397017881092,42.7156924017229,7.683149358526648,29.3,Moderate Activity,1,Watch,High,Jagatpura: One civic signal is showing unusual activity. Observed signals: traffic congestion is unusually high (25%). Civic Pulse Score: 29/100. These signals are temporally associated; the system does not infer causation.,🚗 Traffic disruption is elevated (score 43/100).
2026-09-24 10:10:00,Malviya Nagar,26.8508,75.806,1.48,8.385,32.11,1.0,27.575795960845433,5.118739966832589,17.45745711915604,15.6,Normal,0,Normal,High,Malviya Nagar is currently showing mostly normal civic conditions. The Civic Pulse Score is 16/100.,No major signal is currently contributing to the Civic Pulse Score.
2026-09-24 10:10:00,Mansarovar,26.85,75.763,2.57,10.495000000000001,39.230000000000004,3.0,7.660585803391255,20.02968195962906,15.000714199273084,14.8,Normal,0,Normal,High,Mansarovar is currently showing mostly normal civic conditions. The Civic Pulse Score is 15/100.,No major signal is currently contributing to the Civic Pulse Score.
2026-09-24 10:10:00,Pratap Nagar,26.815,75.829,5.61,7.855,34.86,1.0,35.29233493545196,6.512557426965845,12.51996879908257,16.9,Normal,0,Normal,High,Pratap Nagar is currently showing mostly normal civic conditions. The Civic Pulse Score is 17/100.,No major signal is currently contributing to the Civic Pulse Score.
2026-09-24 10:10:00,Raja Park,26.9,75.822,3.66,7.11,36.775000000000006,1.0,25.054867782460597,5.515015614141509,11.636413026307649,13.2,Normal,0,Normal,High,Raja Park is currently showing mostly normal civic conditions. The Civic Pulse Score is 13/100.,No major signal is currently contributing to the Civic Pulse Score.
2026-09-24 10:10:00,Sanganer,26.8197,75.769,3.31,10.195,35.58,1.0,40.04696761669477,16.215027533939537,2.7907634725949526,19.3,Normal,1,Watch,High,Sanganer: One civic signal is showing unusual activity. Observed signals: rainfall is unusually high (3.3 mm). Civic Pulse Score: 19/100. These signals are temporally associated; the system does not infer causation.,🌧️ Weather activity is elevated (score 40/100).
2026-09-24 10:10:00,Vaishali Nagar,26.9124,75.7485,1.61,8.64,48.085,2.0,4.144133579685218,24.002112025490504,30.008896582321178,19.8,Normal,1,Watch,High,Vaishali Nagar: One civic signal is showing unusual activity. Observed signals: traffic congestion is unusually high (48%). Civic Pulse Score: 20/100. These signals are temporally associated; the system does not infer causation.,No major signal is currently contributing to the Civic Pulse Score.
2026-09-24 10:20:00,C-Scheme,26.9118,75.795,3.09,6.74,33.78,0.0,6.009283238537712,10.898068967082482,37.55990639724772,17.4,Normal,0,Normal,High,C-Scheme is currently showing mostly normal civic conditions. The Civic Pulse Score is 17/100.,No major signal is currently contributing to the Civic Pulse Score.
2026-09-24 10:20:00,Civil Lines,26.9075,75.787,2.12,6.91,47.675,1.0,2.9037870073252083,22.801747946615656,13.969614523012172,14.2,Normal,0,Normal,High,Civil Lines is currently showing mostly normal civic conditions. The Civic Pulse Score is 14/100.,No major signal is currently contributing to the Civic Pulse Score.
2026-09-24 10:20:00,Durgapura,26.8547,75.805,1.06,4.17,39.855,2.0,27.532635674358144,23.065858751649028,8.077307645762433,19.9,Normal,0,Normal,High,Durgapura is currently showing mostly normal civic conditions. The Civic Pulse Score is 20/100.,No major signal is currently contributing to the Civic Pulse Score.
2026-09-24 10:20:00,Jagatpura,26.839,75.826,3.5,3.635,32.645,0.0,28.57955311129144,29.583352754256875,29.195967562401254,29.2,Moderate Activity,1,Watch,High,Jagatpura: One civic signal is showing unusual activity. Observed signals: traffic delay is unusually high (3.6 min). Civic Pulse Score: 29/100. These signals are temporally associated; the system does not infer causation.,No major signal is currently contributing to the Civic Pulse Score.
2026-09-24 10:20:00,Malviya Nagar,26.8508,75.806,1.48,10.67,25.89,1.0,23.101560244167644,25.615334450384452,17.45745711915604,22.4,Moderate Activity,0,Normal,High,Malviya Nagar is currently showing mostly normal civic conditions. The Civic Pulse Score is 22/100.,No major signal is currently contributing to the Civic Pulse Score.
2026-09-24 10:20:00,Mansarovar,26.85,75.763,2.57,11.53,49.445,0.0,8.400729239727298,42.58486779111563,27.061807085448116,27.7,Moderate Activity,1,Watch,High,Mansarovar: One civic signal is showing unusual activity. Observed signals: traffic congestion is unusually high (49%). Civic Pulse Score: 28/100. These signals are temporally associated; the system does not infer causation.,🚗 Traffic disruption is elevated (score 43/100).
2026-09-24 10:20:00,Pratap Nagar,26.815,75.829,5.61,4.855,32.075,1.0,32.46582517909164,10.725929667484458,12.51996879908257,17.8,Normal,0,Normal,High,Pratap Nagar is currently showing mostly normal civic conditions. The Civic Pulse Score is 18/100.,No major signal is currently contributing to the Civic Pulse Score.
2026-09-24 10:20:00,Raja Park,26.9,75.822,3.66,10.085,37.09,0.0,22.005617212232504,11.609124509493771,25.568687996077664,18.9,Normal,0,Normal,High,Raja Park is currently showing mostly normal civic conditions. The Civic Pulse Score is 19/100.,No major signal is currently contributing to the Civic Pulse Score.
2026-09-24 10:20:00,Sanganer,26.8197,75.769,3.31,10.350000000000001,42.46,2.0,31.683723597905143,27.826225166830973,13.167361770120225,24.6,Moderate Activity,0,Normal,High,Sanganer is currently showing mostly normal civic conditions. The Civic Pulse Score is 25/100.,No major signal is currently contributing to the Civic Pulse Score.
2026-09-24 10:20:00,Vaishali Nagar,26.9124,75.7485,1.61,6.965,39.22,0.0,3.5333078999994987,9.903535044927985,17.760029747916633,10.3,Normal,0,Normal,High,Vaishali Nagar is currently showing mostly normal civic conditions. The Civic Pulse Score is 10/100.,No major signal is currently contributing to the Civic Pulse Score.
2026-09-24 10:30:00,C-Scheme,26.9118,75.795,0.92,7.24,43.625,3.0,31.838419641417246,17.927611555138082,37.511120727901464,28.0,Moderate Activity,0,Normal,High,C-Scheme is currently showing mostly normal civic conditions. The Civic Pulse Score is 28/100.,No major signal is currently contributing to the Civic Pulse Score.
2026-09-24 10:30:00,Civil Lines,26.9075,75.787,0.99,4.8,35.075,2.0,19.484908115838056,20.694156848032232,3.8788043421025495,15.3,Normal,0,Normal,High,Civil Lines is currently showing mostly normal civic conditions. The Civic Pulse Score is 15/100.,No major signal is currently contributing to the Civic Pulse Score.
2026-09-24 10:30:00,Durgapura,26.8547,75.805,3.45,10.26,31.634999999999998,0.0,29.523524535196128,11.166755759479319,35.02531273680839,23.8,Moderate Activity,0,Normal,High,Durgapura is currently showing mostly normal civic conditions. The Civic Pulse Score is 24/100.,No major signal is currently contributing to the Civic Pulse Score.
2026-09-24 10:30:00,Jagatpura,26.839,75.826,0.22,4.24,39.55,0.0,24.02343923908022,24.432944563530377,29.195967562401254,25.7,Moderate Activity,0,Normal,High,Jagatpura is currently showing mostly normal civic conditions. The Civic Pulse Score is 26/100.,No major signal is currently contributing to the Civic Pulse Score.
2026-09-24 10:30:00,Malviya Nagar,26.8508,75.806,2.19,9.56,40.195,2.0,0.9205008801933328,14.975895412587201,1.3428813168581557,6.7,Normal,0,Normal,High,Malviya Nagar is currently showing mostly normal civic conditions. The Civic Pulse Score is 7/100.,No major signal is currently contributing to the Civic Pulse Score.
2026-09-24 10:30:00,Mansarovar,26.85,75.763,2.07,6.155,41.87,1.0,2.5897708893282223,19.054105498197465,9.703801476621436,11.3,Normal,0,Normal,High,Mansarovar is currently showing mostly normal civic conditions. The Civic Pulse Score is 11/100.,No major signal is currently contributing to the Civic Pulse Score.
2026-09-24 10:30:00,Pratap Nagar,26.815,75.829,4.52,7.25,19.744999999999997,1.0,18.75037036909898,24.24050245694989,10.495891477907351,18.5,Normal,1,Watch,High,Pratap Nagar: One civic signal is showing unusual activity. Observed signals: traffic congestion is unusually high (20%). Civic Pulse Score: 18/100. These signals are temporally associated; the system does not infer causation.,No major signal is currently contributing to the Civic Pulse Score.
2026-09-24 10:30:00,Raja Park,26.9,75.822,1.72,4.84,35.379999999999995,3.0,7.952396685258111,15.297767274026693,20.532079880198026,14.7,Normal,0,Normal,High,Raja Park is currently showing mostly normal civic conditions. The Civic Pulse Score is 15/100.,No major signal is currently contributing to the Civic Pulse Score.
2026-09-24 10:30:00,Sanganer,26.8197,75.769,1.87,7.404999999999999,45.225,1.0,5.606022264362645,23.879036307155573,4.389120590040075,12.6,Normal,0,Normal,High,Sanganer is currently showing mostly normal civic conditions. The Civic Pulse Score is 13/100.,No major signal is currently contributing to the Civic Pulse Score.
2026-09-24 10:30:00,Vaishali Nagar,26.9124,75.7485,0.0,6.425000000000001,41.455,0.0,24.750824598019648,16.34145299083684,15.004448291160585,18.5,Normal,0,Normal,High,Vaishali Nagar is currently showing mostly normal civic conditions. The Civic Pulse Score is 18/100.,No major signal is currently contributing to the Civic Pulse Score.
2026-09-24 10:40:00,C-Scheme,26.9118,75.795,1.68,11.25,37.105000000000004,1.0,15.159227027815517,23.044224999579622,8.356690953957177,16.3,Normal,1,Watch,High,C-Scheme: One civic signal is showing unusual activity. Observed signals: traffic delay is unusually high (11.2 min). Civic Pulse Score: 16/100. These signals are temporally associated; the system does not infer causation.,No major signal is currently contributing to the Civic Pulse Score.
2026-09-24 10:40:00,Civil Lines,26.9075,75.787,1.08,8.33,31.880000000000003,1.0,15.228697893668512,12.143239889702741,11.636413026307649,12.9,Normal,0,Normal,High,Civil Lines is currently showing mostly normal civic conditions. The Civic Pulse Score is 13/100.,No major signal is currently contributing to the Civic Pulse Score.
2026-09-24 10:40:00,Durgapura,26.8547,75.805,0.0,4.1850000000000005,22.755,1.0,47.98393980907057,30.062141777688296,17.79589853147668,31.8,Moderate Activity,1,Watch,High,Durgapura: One civic signal is showing unusual activity. Observed signals: rainfall is unusually high (0.0 mm). Civic Pulse Score: 32/100. These signals are temporally associated; the system does not infer causation.,🌧️ Weather activity is elevated (score 48/100).
2026-09-24 10:40:00,Jagatpura,26.839,75.826,2.24,11.98,32.585,2.0,6.550906122391737,20.046402682997897,7.683149358526648,12.3,Normal,0,Normal,High,Jagatpura is currently showing mostly normal civic conditions. The Civic Pulse Score is 12/100.,No major signal is currently contributing to the Civic Pulse Score.
2026-09-24 10:40:00,Malviya Nagar,26.8508,75.806,2.08,8.07,26.160000000000004,2.0,8.417028318905826,10.27253518814468,1.3428813168581557,7.0,Normal,0,Normal,High,Malviya Nagar is currently showing mostly normal civic conditions. The Civic Pulse Score is 7/100.,No major signal is currently contributing to the Civic Pulse Score.
2026-09-24 10:40:00,Mansarovar,26.85,75.763,2.1,10.82,42.015,1.0,8.09714392667344,19.92228210980742,11.35482810415104,13.8,Normal,0,Normal,High,Mansarovar is currently showing mostly normal civic conditions. The Civic Pulse Score is 14/100.,No major signal is currently contributing to the Civic Pulse Score.
2026-09-24 10:40:00,Pratap Nagar,26.815,75.829,1.18,8.09,41.525000000000006,1.0,17.35828761335124,18.83319841386079,8.03107627524291,15.2,Normal,0,Normal,High,Pratap Nagar is currently showing mostly normal civic conditions. The Civic Pulse Score is 15/100.,No major signal is currently contributing to the Civic Pulse Score.
2026-09-24 10:40:00,Raja Park,26.9,75.822,3.42,9.08,31.55,1.0,16.008638737724105,10.924375991566073,8.454385833022716,11.7,Normal,0,Normal,High,Raja Park is currently showing mostly normal civic conditions. The Civic Pulse Score is 12/100.,No major signal is currently contributing to the Civic Pulse Score.
2026-09-24 10:40:00,Sanganer,26.8197,75.769,2.81,10.61,44.985,3.0,24.446777889486174,26.30386347474937,38.440778388203015,29.4,Moderate Activity,0,Normal,High,Sanganer is currently showing mostly normal civic conditions. The Civic Pulse Score is 29/100.,No major signal is currently contributing to the Civic Pulse Score.
2026-09-24 10:40:00,Vaishali Nagar,26.9124,75.7485,0.19,4.965,47.56,2.0,19.79696807890465,32.16798829835929,37.55990639724772,30.1,Moderate Activity,0,Normal,High,Vaishali Nagar is currently showing mostly normal civic conditions. The Civic Pulse Score is 30/100.,No major signal is currently contributing to the Civic Pulse Score.
2026-09-24 10:50:00,C-Scheme,26.9118,75.795,1.68,4.945,37.599999999999994,2.0,12.654919155860453,16.936732286084272,11.699367335540046,14.1,Normal,0,Normal,High,C-Scheme is currently showing mostly normal civic conditions. The Civic Pulse Score is 14/100.,No major signal is currently contributing to the Civic Pulse Score.
2026-09-24 10:50:00,Civil Lines,26.9075,75.787,1.08,6.925,33.475,0.0,12.764221193531666,13.001121056590108,27.15163039471785,17.2,Normal,0,Normal,High,Civil Lines is currently showing mostly normal civic conditions. The Civic Pulse Score is 17/100.,No major signal is currently contributing to the Civic Pulse Score.
2026-09-24 10:50:00,Durgapura,26.8547,75.805,0.0,7.47,27.880000000000003,2.0,36.916294962830285,8.50281220939708,2.1807512655390355,15.1,Normal,0,Normal,High,Durgapura is currently showing mostly normal civic conditions. The Civic Pulse Score is 15/100.,No major signal is currently contributing to the Civic Pulse Score.
2026-09-24 10:50:00,Jagatpura,26.839,75.826,2.24,9.405000000000001,41.585,2.0,4.857647677845979,17.690955440915648,6.206823358425818,10.4,Normal,0,Normal,High,Jagatpura is currently showing mostly normal civic conditions. The Civic Pulse Score is 10/100.,No major signal is currently contributing to the Civic Pulse Score.
2026-09-24 10:50:00,Malviya Nagar,26.8508,75.806,2.08,4.69,37.595,2.0,6.662531929477879,29.421779380770865,4.7335498694096385,15.2,Normal,1,Watch,High,Malviya Nagar: One civic signal is showing unusual activity. Observed signals: traffic delay is unusually high (4.7 min). Civic Pulse Score: 15/100. These signals are temporally associated; the system does not infer causation.,No major signal is currently contributing to the Civic Pulse Score.
2026-09-24 10:50:00,Mansarovar,26.85,75.763,2.1,6.83,34.615,1.0,5.824159542710076,21.20397238556851,13.285463451892841,14.2,Normal,0,Normal,High,Mansarovar is currently showing mostly normal civic conditions. The Civic Pulse Score is 14/100.,No major signal is currently contributing to the Civic Pulse Score.
2026-09-24 10:50:00,Pratap Nagar,26.815,75.829,1.18,7.615,31.535000000000004,2.0,19.657828687936252,5.683998038866135,63.289289082327656,27.2,Moderate Activity,1,Watch,High,Pratap Nagar: One civic signal is showing unusual activity. Observed signals: civic incidents are elevated (2). Civic Pulse Score: 27/100. These signals are temporally associated; the system does not infer causation.,🚨 Civic incidents are elevated (score 63/100).
2026-09-24 10:50:00,Raja Park,26.9,75.822,3.42,7.06,48.144999999999996,0.0,13.394028441987057,28.96164224039994,21.589404262836997,22.1,Moderate Activity,1,Watch,High,Raja Park: One civic signal is showing unusual activity. Observed signals: traffic congestion is unusually high (48%). Civic Pulse Score: 22/100. These signals are temporally associated; the system does not infer causation.,No major signal is currently contributing to the Civic Pulse Score.
2026-09-24 10:50:00,Sanganer,26.8197,75.769,2.81,8.91,28.18,1.0,20.709242659389147,14.676902373259406,2.9878193410496374,13.0,Normal,0,Normal,High,Sanganer is currently showing mostly normal civic conditions. The Civic Pulse Score is 13/100.,No major signal is currently contributing to the Civic Pulse Score.
2026-09-24 10:50:00,Vaishali Nagar,26.9124,75.7485,0.19,4.66,48.41,1.0,16.857517163557358,34.30169749029644,7.5022241455802945,21.0,Moderate Activity,0,Normal,High,Vaishali Nagar is currently showing mostly normal civic conditions. The Civic Pulse Score is 21/100.,No major signal is currently contributing to the Civic Pulse Score.
2026-09-24 11:00:00,C-Scheme,26.9118,75.795,2.36,7.16,24.26,0.0,5.846406049522125,24.510088180479674,28.4127492434544,20.1,Moderate Activity,1,Watch,High,C-Scheme: One civic signal is showing unusual activity. Observed signals: traffic congestion is unusually high (24%). Civic Pulse Score: 20/100. These signals are temporally associated; the system does not infer causation.,No major signal is currently contributing to the Civic Pulse Score.
2026-09-24 11:00:00,Civil Lines,26.9075,75.787,3.13,9.105,22.585,1.0,48.579376572131636,27.904925373563323,7.150006212124396,27.9,Moderate Activity,2,Elevated,High,"Civil Lines: Multiple civic signals are showing unusual activity. Observed signals: rainfall is unusually high (3.1 mm), traffic congestion is unusually high (23%). Civic Pulse Score: 28/100. These signals are temporally associated; the system does not infer causation.",🌧️ Weather activity is elevated (score 49/100).
2026-09-24 11:00:00,Durgapura,26.8547,75.805,0.21,6.0,33.15,2.0,26.775629264181546,6.461613022049343,3.365255747345097,11.6,Normal,0,Normal,High,Durgapura is currently showing mostly normal civic conditions. The Civic Pulse Score is 12/100.,No major signal is currently contributing to the Civic Pulse Score.
2026-09-24 11:00:00,Jagatpura,26.839,75.826,1.79,5.72,41.18,1.0,3.907782389440477,17.445361764073677,12.413646716851641,11.9,Normal,0,Normal,High,Jagatpura is currently showing mostly normal civic conditions. The Civic Pulse Score is 12/100.,No major signal is currently contributing to the Civic Pulse Score.
2026-09-24 11:00:00,Malviya Nagar,26.8508,75.806,2.99,8.44,25.825000000000003,0.0,26.148796598717567,10.156289206201235,33.134849085867465,21.8,Moderate Activity,0,Normal,High,Malviya Nagar is currently showing mostly normal civic conditions. The Civic Pulse Score is 22/100.,No major signal is currently contributing to the Civic Pulse Score.
2026-09-24 11:00:00,Mansarovar,26.85,75.763,2.6,6.755000000000001,36.17,0.0,17.462920432547428,16.557742254006154,26.107325653668617,19.7,Normal,0,Normal,High,Mansarovar is currently showing mostly normal civic conditions. The Civic Pulse Score is 20/100.,No major signal is currently contributing to the Civic Pulse Score.
2026-09-24 11:00:00,Pratap Nagar,26.815,75.829,1.82,7.575,30.08,1.0,15.01327170833629,6.7362740832516295,8.541544759972163,9.8,Normal,0,Normal,High,Pratap Nagar is currently showing mostly normal civic conditions. The Civic Pulse Score is 10/100.,No major signal is currently contributing to the Civic Pulse Score.
2026-09-24 11:00:00,Raja Park,26.9,75.822,1.13,4.8,44.334999999999994,0.0,24.711296850045134,28.217696253746887,19.44075508366838,24.5,Moderate Activity,0,Normal,High,Raja Park is currently showing mostly normal civic conditions. The Civic Pulse Score is 24/100.,No major signal is currently contributing to the Civic Pulse Score.
2026-09-24 11:00:00,Sanganer,26.8197,75.769,1.8,9.92,35.56999999999999,1.0,0.2302561022423644,8.389336400502593,1.5366298717053282,3.9,Normal,0,Normal,High,Sanganer is currently showing mostly normal civic conditions. The Civic Pulse Score is 4/100.,No major signal is currently contributing to the Civic Pulse Score.
2026-09-24 11:00:00,Vaishali Nagar,26.9124,75.7485,3.86,3.335,35.88,1.0,42.59371273513661,30.131440071922043,7.5022241455802945,27.1,Moderate Activity,2,Elevated,High,"Vaishali Nagar: Multiple civic signals are showing unusual activity. Observed signals: rainfall is unusually high (3.9 mm), traffic delay is unusually high (3.3 min). Civic Pulse Score: 27/100. These signals are temporally associated; the system does not infer causation.",🌧️ Weather activity is elevated (score 43/100).
2026-09-24 11:10:00,C-Scheme,26.9118,75.795,2.44,8.375,28.12,2.0,7.247442510629304,15.900134490686842,14.200649608228915,12.8,Normal,0,Normal,High,C-Scheme is currently showing mostly normal civic conditions. The Civic Pulse Score is 13/100.,No major signal is currently contributing to the Civic Pulse Score.
2026-09-24 11:10:00,Civil Lines,26.9075,75.787,0.0,4.275,30.165,0.0,43.4105303372942,24.539630985872797,27.91579112488622,31.2,Moderate Activity,1,Watch,High,Civil Lines: One civic signal is showing unusual activity. Observed signals: rainfall is unusually high (0.0 mm). Civic Pulse Score: 31/100. These signals are temporally associated; the system does not infer causation.,🌧️ Weather activity is elevated (score 43/100).
2026-09-24 11:10:00,Durgapura,26.8547,75.805,0.76,6.0600000000000005,25.07,1.0,13.339503811531428,16.950564072260004,16.826278736725484,15.8,Normal,0,Normal,High,Durgapura is currently showing mostly normal civic conditions. The Civic Pulse Score is 16/100.,No major signal is currently contributing to the Civic Pulse Score.
2026-09-24 11:10:00,Jagatpura,26.839,75.826,2.3,8.925,28.385,2.0,6.477320162285856,17.322807525385123,7.683149358526648,11.2,Normal,0,Normal,High,Jagatpura is currently showing mostly normal civic conditions. The Civic Pulse Score is 11/100.,No major signal is currently contributing to the Civic Pulse Score.
2026-09-24 11:10:00,Malviya Nagar,26.8508,75.806,1.97,9.705,53.275,0.0,11.543231863834817,30.19637814717431,31.434796011109704,25.0,Moderate Activity,1,Watch,High,Malviya Nagar: One civic signal is showing unusual activity. Observed signals: traffic congestion is unusually high (53%). Civic Pulse Score: 25/100. These signals are temporally associated; the system does not infer causation.,No major signal is currently contributing to the Civic Pulse Score.
2026-09-24 11:10:00,Mansarovar,26.85,75.763,3.11,7.209999999999999,44.2,0.0,59.68951722079571,17.9617614750494,22.24487316434585,31.8,Moderate Activity,1,Watch,High,Mansarovar: One civic signal is showing unusual activity. Observed signals: rainfall is unusually high (3.1 mm). Civic Pulse Score: 32/100. These signals are temporally associated; the system does not infer causation.,🌧️ Weather activity is elevated (score 60/100).
2026-09-24 11:10:00,Pratap Nagar,26.815,75.829,2.93,9.285,37.7,2.0,1.0523595677968718,16.582253042785414,42.70772379986079,19.8,Normal,1,Watch,High,Pratap Nagar: One civic signal is showing unusual activity. Observed signals: civic incidents are elevated (2). Civic Pulse Score: 20/100. These signals are temporally associated; the system does not infer causation.,🚨 Civic incidents are elevated (score 43/100).
2026-09-24 11:10:00,Raja Park,26.9,75.822,2.64,9.6,29.47,2.0,1.3627441418632855,16.715908406303164,10.53943521983001,10.3,Normal,0,Normal,High,Raja Park is currently showing mostly normal civic conditions. The Civic Pulse Score is 10/100.,No major signal is currently contributing to the Civic Pulse Score.
2026-09-24 11:10:00,Sanganer,26.8197,75.769,2.65,2.675,37.265,0.0,14.690524180779914,30.74402792770791,22.63488196541538,23.5,Moderate Activity,1,Watch,High,Sanganer: One civic signal is showing unusual activity. Observed signals: traffic delay is unusually high (2.7 min). Civic Pulse Score: 24/100. These signals are temporally associated; the system does not infer causation.,No major signal is currently contributing to the Civic Pulse Score.
2026-09-24 11:10:00,Vaishali Nagar,26.9124,75.7485,0.0,6.5649999999999995,37.56,4.0,18.62079795087052,4.885772875504005,86.06631011884028,33.4,Moderate Activity,1,Watch,High,Vaishali Nagar: One civic signal is showing unusual activity. Observed signals: civic incidents are elevated (4). Civic Pulse Score: 33/100. These signals are temporally associated; the system does not infer causation.,🚨 Civic incidents are elevated (score 86/100).
2026-09-24 11:20:00,C-Scheme,26.9118,75.795,2.44,5.73,29.03,1.0,7.202518974773797,19.963824410651934,3.552005949583328,11.2,Normal,0,Normal,High,C-Scheme is currently showing mostly normal civic conditions. The Civic Pulse Score is 11/100.,No major signal is currently contributing to the Civic Pulse Score.
2026-09-24 11:20:00,Civil Lines,26.9075,75.787,0.0,6.99,42.53,0.0,33.5578981912175,16.736840072998234,24.038373420260363,24.0,Moderate Activity,0,Normal,High,Civil Lines is currently showing mostly normal civic conditions. The Civic Pulse Score is 24/100.,No major signal is currently contributing to the Civic Pulse Score.
2026-09-24 11:20:00,Durgapura,26.8547,75.805,0.76,5.09,23.895,1.0,11.418124420921218,21.525413971294427,14.386495343640673,16.4,Normal,0,Normal,High,Durgapura is currently showing mostly normal civic conditions. The Civic Pulse Score is 16/100.,No major signal is currently contributing to the Civic Pulse Score.
2026-09-24 11:20:00,Jagatpura,26.839,75.826,2.3,7.85,38.59,2.0,4.608077695007999,6.868648984804182,9.990009990009991,7.1,Normal,0,Normal,High,Jagatpura is currently showing mostly normal civic conditions. The Civic Pulse Score is 7/100.,No major signal is currently contributing to the Civic Pulse Score.
2026-09-24 11:20:00,Malviya Nagar,26.8508,75.806,1.97,10.57,29.09,0.0,9.113178704953803,16.439184884310684,25.871687010585205,17.1,Normal,0,Normal,High,Malviya Nagar is currently showing mostly normal civic conditions. The Civic Pulse Score is 17/100.,No major signal is currently contributing to the Civic Pulse Score.
2026-09-24 11:20:00,Mansarovar,26.85,75.763,3.11,7.0649999999999995,32.14,2.0,43.78353206264157,23.873436335914022,9.720377541834193,25.6,Moderate Activity,1,Watch,High,Mansarovar: One civic signal is showing unusual activity. Observed signals: rainfall is unusually high (3.1 mm). Civic Pulse Score: 26/100. These signals are temporally associated; the system does not infer causation.,🌧️ Weather activity is elevated (score 44/100).
2026-09-24 11:20:00,Pratap Nagar,26.815,75.829,2.93,7.915000000000001,27.490000000000002,3.0,0.7658403206987646,11.298882344709648,77.21717817005255,27.9,Moderate Activity,1,Watch,High,Pratap Nagar: One civic signal is showing unusual activity. Observed signals: civic incidents are elevated (3). Civic Pulse Score: 28/100. These signals are temporally associated; the system does not infer causation.,🚨 Civic incidents are elevated (score 77/100).
2026-09-24 11:20:00,Raja Park,26.9,75.822,2.64,9.555,25.84,3.0,1.0208814463925047,25.051883053266707,23.204852991231625,17.3,Normal,0,Normal,High,Raja Park is currently showing mostly normal civic conditions. The Civic Pulse Score is 17/100.,No major signal is currently contributing to the Civic Pulse Score.
2026-09-24 11:20:00,Sanganer,26.8197,75.769,2.65,9.68,26.424999999999997,3.0,13.119984668702994,24.250758906204737,35.34248704922258,24.2,Moderate Activity,0,Normal,High,Sanganer is currently showing mostly normal civic conditions. The Civic Pulse Score is 24/100.,No major signal is currently contributing to the Civic Pulse Score.
2026-09-24 11:20:00,Vaishali Nagar,26.9124,75.7485,0.0,7.55,24.990000000000002,3.0,18.62079795087052,31.172203530600548,33.57203292145393,28.1,Moderate Activity,1,Watch,High,Vaishali Nagar: One civic signal is showing unusual activity. Observed signals: traffic congestion is unusually high (25%). Civic Pulse Score: 28/100. These signals are temporally associated; the system does not infer causation.,No major signal is currently contributing to the Civic Pulse Score.
2026-09-24 11:30:00,C-Scheme,26.9118,75.795,3.31,9.0,36.85,0.0,27.74347212904334,13.121386242907434,24.038373420260363,20.8,Moderate Activity,0,Normal,High,C-Scheme is currently showing mostly normal civic conditions. The Civic Pulse Score is 21/100.,No major signal is currently contributing to the Civic Pulse Score.
2026-09-24 11:30:00,Civil Lines,26.9075,75.787,0.5,9.64,42.989999999999995,1.0,16.94145314249884,19.385710871542237,0.0,12.8,Normal,0,Normal,High,Civil Lines is currently showing mostly normal civic conditions. The Civic Pulse Score is 13/100.,No major signal is currently contributing to the Civic Pulse Score.
2026-09-24 11:30:00,Durgapura,26.8547,75.805,1.8,9.13,40.74,1.0,7.746523788688313,18.927099036670057,12.173188367695953,13.5,Normal,0,Normal,High,Durgapura is currently showing mostly normal civic conditions. The Civic Pulse Score is 14/100.,No major signal is currently contributing to the Civic Pulse Score.
2026-09-24 11:30:00,Jagatpura,26.839,75.826,2.53,5.84,34.46,2.0,6.802293567219278,8.737921326512907,7.502224145580291,7.8,Normal,0,Normal,High,Jagatpura is currently showing mostly normal civic conditions. The Civic Pulse Score is 8/100.,No major signal is currently contributing to the Civic Pulse Score.
2026-09-24 11:30:00,Malviya Nagar,26.8508,75.806,2.61,9.58,32.555,2.0,20.145996801805683,5.975287790083529,15.523012206351122,13.1,Normal,0,Normal,High,Malviya Nagar is currently showing mostly normal civic conditions. The Civic Pulse Score is 13/100.,No major signal is currently contributing to the Civic Pulse Score.
2026-09-24 11:30:00,Mansarovar,26.85,75.763,0.23,7.869999999999999,34.905,3.0,100.0,11.544395112583656,24.300943854585483,41.9,Elevated Activity,1,Watch,High,Mansarovar: One civic signal is showing unusual activity. Observed signals: rainfall is unusually high (0.2 mm). Civic Pulse Score: 42/100. These signals are temporally associated; the system does not infer causation.,🌧️ Weather activity is elevated (score 100/100).
2026-09-24 11:30:00,Pratap Nagar,26.815,75.829,2.5,7.300000000000001,22.36,3.0,5.42300107810918,18.005570672246844,47.29488750554423,23.0,Moderate Activity,1,Watch,High,Pratap Nagar: One civic signal is showing unusual activity. Observed signals: civic incidents are elevated (3). Civic Pulse Score: 23/100. These signals are temporally associated; the system does not infer causation.,🚨 Civic incidents are elevated (score 47/100).
2026-09-24 11:30:00,Raja Park,26.9,75.822,2.61,7.255000000000001,44.385000000000005,5.0,3.460686696527722,20.153049541095367,46.4019674818413,23.0,Moderate Activity,1,Watch,High,Raja Park: One civic signal is showing unusual activity. Observed signals: civic incidents are elevated (5). Civic Pulse Score: 23/100. These signals are temporally associated; the system does not infer causation.,🚨 Civic incidents are elevated (score 46/100).
2026-09-24 11:30:00,Sanganer,26.8197,75.769,0.0,9.205,50.459999999999994,4.0,32.40150977382835,25.21689678778493,53.78204550968654,35.9,Moderate Activity,2,Elevated,High,"Sanganer: Multiple civic signals are showing unusual activity. Observed signals: traffic congestion is unusually high (50%), civic incidents are elevated (4). Civic Pulse Score: 36/100. These signals are temporally associated; the system does not infer causation.",🚨 Civic incidents are elevated (score 54/100).
2026-09-24 11:30:00,Vaishali Nagar,26.9124,75.7485,2.42,3.29,40.995000000000005,1.0,24.058600035970834,20.80805939684968,2.491064836574143,16.3,Normal,0,Normal,High,Vaishali Nagar is currently showing mostly normal civic conditions. The Civic Pulse Score is 16/100.,No major signal is currently contributing to the Civic Pulse Score.
2026-09-24 11:40:00,C-Scheme,26.9118,75.795,4.42,6.955,34.39,3.0,49.25829057352046,3.6679742029334985,41.90840002604609,28.8,Moderate Activity,2,Elevated,High,"C-Scheme: Multiple civic signals are showing unusual activity. Observed signals: rainfall is unusually high (4.4 mm), civic incidents are elevated (3). Civic Pulse Score: 29/100. These signals are temporally associated; the system does not infer causation.",🌧️ Weather activity is elevated (score 49/100). 🚨 Civic incidents are elevated (score 42/100).
2026-09-24 11:40:00,Civil Lines,26.9075,75.787,0.0,6.255,36.395,5.0,25.12154366916285,8.165155179150956,100.0,40.8,Elevated Activity,1,Watch,High,Civil Lines: One civic signal is showing unusual activity. Observed signals: civic incidents are elevated (5). Civic Pulse Score: 41/100. These signals are temporally associated; the system does not infer causation.,🚨 Civic incidents are elevated (score 100/100).
2026-09-24 11:40:00,Durgapura,26.8547,75.805,1.85,8.05,34.04,1.0,7.554119445940433,5.824562517510232,10.01000869697415,7.6,Normal,0,Normal,High,Durgapura is currently showing mostly normal civic conditions. The Civic Pulse Score is 8/100.,No major signal is currently contributing to the Civic Pulse Score.
2026-09-24 11:40:00,Jagatpura,26.839,75.826,1.8,5.305,31.685000000000002,2.0,13.073359175355241,13.720034023827967,7.502224145580291,11.7,Normal,0,Normal,High,Jagatpura is currently showing mostly normal civic conditions. The Civic Pulse Score is 12/100.,No major signal is currently contributing to the Civic Pulse Score.
2026-09-24 11:40:00,Malviya Nagar,26.8508,75.806,4.85,8.19,41.485,0.0,100.0,9.736651371051133,27.05265591350461,42.0,Elevated Activity,1,Watch,High,Malviya Nagar: One civic signal is showing unusual activity. Observed signals: rainfall is unusually high (4.8 mm). Civic Pulse Score: 42/100. These signals are temporally associated; the system does not infer causation.,🌧️ Weather activity is elevated (score 100/100).
2026-09-24 11:40:00,Mansarovar,26.85,75.763,0.0,9.125,46.685,1.0,59.936928890266216,18.596319620177873,4.860188770917095,26.9,Moderate Activity,1,Watch,High,Mansarovar: One civic signal is showing unusual activity. Observed signals: rainfall is unusually high (0.0 mm). Civic Pulse Score: 27/100. These signals are temporally associated; the system does not infer causation.,🌧️ Weather activity is elevated (score 60/100).
2026-09-24 11:40:00,Pratap Nagar,26.815,75.829,0.28,13.745000000000001,36.32,0.0,30.642123973114725,48.893566081213,39.88438761604793,40.7,Elevated Activity,1,Watch,High,Pratap Nagar: One civic signal is showing unusual activity. Observed signals: traffic delay is unusually high (13.7 min). Civic Pulse Score: 41/100. These signals are temporally associated; the system does not infer causation.,🚗 Traffic disruption is elevated (score 49/100).
2026-09-24 11:40:00,Raja Park,26.9,75.822,2.25,4.13,27.43,1.0,3.3920190646306647,32.3368218219703,9.250659872786427,16.7,Normal,0,Normal,High,Raja Park is currently showing mostly normal civic conditions. The Civic Pulse Score is 17/100.,No major signal is currently contributing to the Civic Pulse Score.
2026-09-24 11:40:00,Sanganer,26.8197,75.769,3.43,7.734999999999999,34.105,2.0,24.071140351346145,6.784660117693628,8.889754696462292,12.6,Normal,0,Normal,High,Sanganer is currently showing mostly normal civic conditions. The Civic Pulse Score is 13/100.,No major signal is currently contributing to the Civic Pulse Score.
2026-09-24 11:40:00,Vaishali Nagar,26.9124,75.7485,0.0,11.620000000000001,22.475,0.0,19.2904747491892,49.992491852067815,19.394021710512753,31.6,Moderate Activity,2,Elevated,High,"Vaishali Nagar: Multiple civic signals are showing unusual activity. Observed signals: traffic delay is unusually high (11.6 min), traffic congestion is unusually high (22%). Civic Pulse Score: 32/100. These signals are temporally associated; the system does not infer causation.",🚗 Traffic disruption is elevated (score 50/100).
2026-09-24 11:50:00,C-Scheme,26.9118,75.795,4.42,6.945,38.980000000000004,0.0,37.77913412784878,12.041387108178832,20.914735387347456,22.4,Moderate Activity,0,Normal,High,C-Scheme is currently showing mostly normal civic conditions. The Civic Pulse Score is 22/100.,No major signal is currently contributing to the Civic Pulse Score.
2026-09-24 11:50:00,Civil Lines,26.9075,75.787,0.0,8.21,34.085,1.0,22.44162806968435,5.3080483411955015,2.373393241242603,9.6,Normal,0,Normal,High,Civil Lines is currently showing mostly normal civic conditions. The Civic Pulse Score is 10/100.,No major signal is currently contributing to the Civic Pulse Score.
2026-09-24 11:50:00,Durgapura,26.8547,75.805,1.85,9.48,31.485,1.0,9.929493268288585,10.698464383632206,12.413646716851641,11.0,Normal,0,Normal,High,Durgapura is currently showing mostly normal civic conditions. The Civic Pulse Score is 11/100.,No major signal is currently contributing to the Civic Pulse Score.
2026-09-24 11:50:00,Jagatpura,26.839,75.826,1.8,5.635,40.1,0.0,11.900774282338348,16.462884120872587,39.88438761604793,22.1,Moderate Activity,0,Normal,High,Jagatpura is currently showing mostly normal civic conditions. The Civic Pulse Score is 22/100.,No major signal is currently contributing to the Civic Pulse Score.
2026-09-24 11:50:00,Malviya Nagar,26.8508,75.806,4.85,9.605,35.89,2.0,53.79522992197177,7.5555581942425505,20.340162124835693,25.3,Moderate Activity,1,Watch,High,Malviya Nagar: One civic signal is showing unusual activity. Observed signals: rainfall is unusually high (4.8 mm). Civic Pulse Score: 25/100. These signals are temporally associated; the system does not infer causation.,🌧️ Weather activity is elevated (score 54/100).
2026-09-24 11:50:00,Mansarovar,26.85,75.763,0.0,6.505000000000001,32.265,6.0,41.52756865095383,23.74520352375648,68.04264279283935,42.4,Elevated Activity,2,Elevated,High,"Mansarovar: Multiple civic signals are showing unusual activity. Observed signals: rainfall is unusually high (0.0 mm), civic incidents are elevated (6). Civic Pulse Score: 42/100. These signals are temporally associated; the system does not infer causation.",🌧️ Weather activity is elevated (score 42/100). 🚨 Civic incidents are elevated (score 68/100).
2026-09-24 11:50:00,Pratap Nagar,26.815,75.829,0.28,10.705,42.75,3.0,28.08494714840309,26.762048817545946,35.133007306534374,29.7,Moderate Activity,0,Normal,High,Pratap Nagar is currently showing mostly normal civic conditions. The Civic Pulse Score is 30/100.,No major signal is currently contributing to the Civic Pulse Score.
2026-09-24 11:50:00,Raja Park,26.9,75.822,2.25,7.984999999999999,37.06,4.0,5.844216009634351,2.273853233228061,24.05171566924472,9.9,Normal,0,Normal,High,Raja Park is currently showing mostly normal civic conditions. The Civic Pulse Score is 10/100.,No major signal is currently contributing to the Civic Pulse Score.
2026-09-24 11:50:00,Sanganer,26.8197,75.769,3.43,8.49,43.489999999999995,1.0,20.957089689598355,8.23004116110561,9.400169218007099,12.4,Normal,0,Normal,High,Sanganer is currently showing mostly normal civic conditions. The Civic Pulse Score is 12/100.,No major signal is currently contributing to the Civic Pulse Score.
2026-09-24 11:50:00,Vaishali Nagar,26.9124,75.7485,0.0,5.6899999999999995,38.75,4.0,17.18877722756567,4.163727444971425,42.66684776312806,19.6,Normal,1,Watch,High,Vaishali Nagar: One civic signal is showing unusual activity. Observed signals: civic incidents are elevated (4). Civic Pulse Score: 20/100. These signals are temporally associated; the system does not infer causation.,🚨 Civic incidents are elevated (score 43/100).
2026-09-24 12:00:00,C-Scheme,26.9118,75.795,1.3,4.63,23.595,0.0,27.49983945593033,35.78489656753593,20.914735387347456,28.8,Moderate Activity,1,Watch,High,C-Scheme: One civic signal is showing unusual activity. Observed signals: traffic congestion is unusually high (24%). Civic Pulse Score: 29/100. These signals are temporally associated; the system does not infer causation.,No major signal is currently contributing to the Civic Pulse Score.
2026-09-24 12:00:00,Civil Lines,26.9075,75.787,2.38,5.475,15.435,4.0,26.527181776174217,39.10688018142221,40.50667067586859,35.8,Moderate Activity,2,Elevated,High,"Civil Lines: Multiple civic signals are showing unusual activity. Observed signals: traffic congestion is unusually high (15%), civic incidents are elevated (4). Civic Pulse Score: 36/100. These signals are temporally associated; the system does not infer causation.",🚨 Civic incidents are elevated (score 41/100).
2026-09-24 12:00:00,Durgapura,26.8547,75.805,3.69,12.684999999999999,32.965,0.0,50.14990090158668,22.964835072437747,29.970029970029973,33.2,Moderate Activity,2,Elevated,High,"Durgapura: Multiple civic signals are showing unusual activity. Observed signals: rainfall is unusually high (3.7 mm), traffic delay is unusually high (12.7 min). Civic Pulse Score: 33/100. These signals are temporally associated; the system does not infer causation.",🌧️ Weather activity is elevated (score 50/100).
2026-09-24 12:00:00,Jagatpura,26.839,75.826,2.46,5.915000000000001,31.21,0.0,3.9464976863074153,10.01496344316984,31.43479601110971,14.6,Normal,0,Normal,High,Jagatpura is currently showing mostly normal civic conditions. The Civic Pulse Score is 15/100.,No major signal is currently contributing to the Civic Pulse Score.
2026-09-24 12:00:00,Malviya Nagar,26.8508,75.806,0.0,7.8100000000000005,33.5,2.0,45.843507103760146,7.696603659022543,17.760029747916633,22.2,Moderate Activity,1,Watch,High,Malviya Nagar: One civic signal is showing unusual activity. Observed signals: rainfall is unusually high (0.0 mm). Civic Pulse Score: 22/100. These signals are temporally associated; the system does not infer causation.,🌧️ Weather activity is elevated (score 46/100).
2026-09-24 12:00:00,Mansarovar,26.85,75.763,5.11,9.965,40.38,6.0,56.71427057336584,11.443394503007845,50.426802086462736,36.7,Moderate Activity,2,Elevated,High,"Mansarovar: Multiple civic signals are showing unusual activity. Observed signals: rainfall is unusually high (5.1 mm), civic incidents are elevated (6). Civic Pulse Score: 37/100. These signals are temporally associated; the system does not infer causation.",🌧️ Weather activity is elevated (score 57/100). 🚨 Civic incidents are elevated (score 50/100).
2026-09-24 12:00:00,Pratap Nagar,26.815,75.829,0.0,7.5600000000000005,34.335,2.0,28.801500080780258,5.9798997653041885,8.356690953957177,13.5,Normal,0,Normal,High,Pratap Nagar is currently showing mostly normal civic conditions. The Civic Pulse Score is 14/100.,No major signal is currently contributing to the Civic Pulse Score.
2026-09-24 12:00:00,Raja Park,26.9,75.822,2.93,5.905,37.76,3.0,7.7867486225418405,10.039574846503578,9.74179816346078,9.3,Normal,0,Normal,High,Raja Park is currently showing mostly normal civic conditions. The Civic Pulse Score is 9/100.,No major signal is currently contributing to the Civic Pulse Score.
2026-09-24 12:00:00,Sanganer,26.8197,75.769,0.64,11.040000000000001,29.425,5.0,36.39087254960875,23.15857519775608,57.68507018276522,37.5,Moderate Activity,1,Watch,High,Sanganer: One civic signal is showing unusual activity. Observed signals: civic incidents are elevated (5). Civic Pulse Score: 38/100. These signals are temporally associated; the system does not infer causation.,🚨 Civic incidents are elevated (score 58/100).
2026-09-24 12:00:00,Vaishali Nagar,26.9124,75.7485,3.65,7.405,42.875,0.0,41.48078881355148,9.803302228513576,21.924120752783743,22.9,Moderate Activity,1,Watch,High,Vaishali Nagar: One civic signal is showing unusual activity. Observed signals: rainfall is unusually high (3.6 mm). Civic Pulse Score: 23/100. These signals are temporally associated; the system does not infer causation.,🌧️ Weather activity is elevated (score 41/100).
2026-09-24 12:10:00,C-Scheme,26.9118,75.795,1.01,6.625,39.545,2.0,28.16652724593755,11.526907182579933,15.73001366667367,17.8,Normal,0,Normal,High,C-Scheme is currently showing mostly normal civic conditions. The Civic Pulse Score is 18/100.,No major signal is currently contributing to the Civic Pulse Score.
2026-09-24 12:10:00,Civil Lines,26.9075,75.787,1.29,5.23,43.06,4.0,3.1798758835762713,21.85559858777374,33.007953914910026,19.6,Normal,0,Normal,High,Civil Lines is currently showing mostly normal civic conditions. The Civic Pulse Score is 20/100.,No major signal is currently contributing to the Civic Pulse Score.
2026-09-24 12:10:00,Durgapura,26.8547,75.805,4.13,6.93,49.015,1.0,45.116245853382,30.99414250022162,6.206823358425818,27.8,Moderate Activity,2,Elevated,High,"Durgapura: Multiple civic signals are showing unusual activity. Observed signals: rainfall is unusually high (4.1 mm), traffic congestion is unusually high (49%). Civic Pulse Score: 28/100. These signals are temporally associated; the system does not infer causation.",🌧️ Weather activity is elevated (score 45/100).
2026-09-24 12:10:00,Jagatpura,26.839,75.826,3.28,7.875,21.725,0.0,24.780382831356903,28.886311533288552,25.871687010585212,26.8,Moderate Activity,1,Watch,High,Jagatpura: One civic signal is showing unusual activity. Observed signals: traffic congestion is unusually high (22%). Civic Pulse Score: 27/100. These signals are temporally associated; the system does not infer causation.,No major signal is currently contributing to the Civic Pulse Score.
2026-09-24 12:10:00,Malviya Nagar,26.8508,75.806,0.96,5.41,32.5,0.0,20.79464805153801,23.388535538768863,24.864041647083287,23.1,Moderate Activity,1,Watch,High,Malviya Nagar: One civic signal is showing unusual activity. Observed signals: traffic delay is unusually high (5.4 min). Civic Pulse Score: 23/100. These signals are temporally associated; the system does not infer causation.,No major signal is currently contributing to the Civic Pulse Score.
2026-09-24 12:10:00,Mansarovar,26.85,75.763,0.77,9.095,38.370000000000005,0.0,18.37566345637673,5.833644006175174,18.752867164924496,13.5,Normal,0,Normal,High,Mansarovar is currently showing mostly normal civic conditions. The Civic Pulse Score is 14/100.,No major signal is currently contributing to the Civic Pulse Score.
2026-09-24 12:10:00,Pratap Nagar,26.815,75.829,2.92,6.845,48.394999999999996,0.0,5.179623360456357,29.431088520908055,33.815819891880764,23.5,Moderate Activity,1,Watch,High,Pratap Nagar: One civic signal is showing unusual activity. Observed signals: traffic congestion is unusually high (48%). Civic Pulse Score: 24/100. These signals are temporally associated; the system does not infer causation.,No major signal is currently contributing to the Civic Pulse Score.
2026-09-24 12:10:00,Raja Park,26.9,75.822,2.4,10.215,35.635000000000005,1.0,7.485368300971762,15.213193437460484,10.929051497803318,11.6,Normal,0,Normal,High,Raja Park is currently showing mostly normal civic conditions. The Civic Pulse Score is 12/100.,No major signal is currently contributing to the Civic Pulse Score.
2026-09-24 12:10:00,Sanganer,26.8197,75.769,2.13,6.18,36.29,0.0,4.69375965032559,13.823058654201006,27.061807085448116,15.1,Normal,0,Normal,High,Sanganer is currently showing mostly normal civic conditions. The Civic Pulse Score is 15/100.,No major signal is currently contributing to the Civic Pulse Score.
2026-09-24 12:10:00,Vaishali Nagar,26.9124,75.7485,1.51,6.55,33.51,0.0,5.166990733612815,7.20397869741003,19.886557492217698,10.4,Normal,0,Normal,High,Vaishali Nagar is currently showing mostly normal civic conditions. The Civic Pulse Score is 10/100.,No major signal is currently contributing to the Civic Pulse Score.
2026-09-24 12:20:00,C-Scheme,26.9118,75.795,1.01,5.87,33.555,1.0,23.527241206086238,7.582115788719374,2.7907634725949526,10.9,Normal,0,Normal,High,C-Scheme is currently showing mostly normal civic conditions. The Civic Pulse Score is 11/100.,No major signal is currently contributing to the Civic Pulse Score.
2026-09-24 12:20:00,Civil Lines,26.9075,75.787,1.29,5.43,38.105,1.0,4.636065487915964,12.031615699867597,7.732692240934017,8.5,Normal,0,Normal,High,Civil Lines is currently showing mostly normal civic conditions. The Civic Pulse Score is 8/100.,No major signal is currently contributing to the Civic Pulse Score.
2026-09-24 12:20:00,Durgapura,26.8547,75.805,4.13,10.625,20.845,2.0,34.479037394093986,27.703667282953624,27.381250661104566,29.6,Moderate Activity,0,Normal,High,Durgapura is currently showing mostly normal civic conditions. The Civic Pulse Score is 30/100.,No major signal is currently contributing to the Civic Pulse Score.
2026-09-24 12:20:00,Jagatpura,26.839,75.826,3.28,10.12,38.1,3.0,26.068339373165486,19.622925570079094,38.440778388203015,27.2,Moderate Activity,0,Normal,High,Jagatpura is currently showing mostly normal civic conditions. The Civic Pulse Score is 27/100.,No major signal is currently contributing to the Civic Pulse Score.
2026-09-24 12:20:00,Malviya Nagar,26.8508,75.806,0.96,6.915,29.7,4.0,19.601482830550413,14.573395123646357,58.49683667770024,29.3,Moderate Activity,1,Watch,High,Malviya Nagar: One civic signal is showing unusual activity. Observed signals: civic incidents are elevated (4). Civic Pulse Score: 29/100. These signals are temporally associated; the system does not infer causation.,🚨 Civic incidents are elevated (score 58/100).
2026-09-24 12:20:00,Mansarovar,26.85,75.763,0.77,6.585,30.03,0.0,15.898711977678788,25.81910565446102,16.051736329199606,19.9,Normal,0,Normal,High,Mansarovar is currently showing mostly normal civic conditions. The Civic Pulse Score is 20/100.,No major signal is currently contributing to the Civic Pulse Score.
2026-09-24 12:20:00,Pratap Nagar,26.815,75.829,2.92,7.625,40.845,5.0,8.534300143867359,11.295279520357456,63.001824739918504,26.0,Moderate Activity,1,Watch,High,Pratap Nagar: One civic signal is showing unusual activity. Observed signals: civic incidents are elevated (5). Civic Pulse Score: 26/100. These signals are temporally associated; the system does not infer causation.,🚨 Civic incidents are elevated (score 63/100).
2026-09-24 12:20:00,Raja Park,26.9,75.822,2.4,8.870000000000001,33.94,1.0,5.203292978686154,9.204455931436126,10.929051497803318,8.5,Normal,0,Normal,High,Raja Park is currently showing mostly normal civic conditions. The Civic Pulse Score is 8/100.,No major signal is currently contributing to the Civic Pulse Score.
2026-09-24 12:20:00,Sanganer,26.8197,75.769,2.13,5.68,46.81,0.0,3.035221174778551,24.024263193872983,24.48977225944937,17.9,Normal,0,Normal,High,Sanganer is currently showing mostly normal civic conditions. The Civic Pulse Score is 18/100.,No major signal is currently contributing to the Civic Pulse Score.
2026-09-24 12:20:00,Vaishali Nagar,26.9124,75.7485,1.51,11.075,49.17,0.0,5.2891549882736335,36.129098329315006,17.11598383189684,21.2,Moderate Activity,1,Watch,High,Vaishali Nagar: One civic signal is showing unusual activity. Observed signals: traffic delay is unusually high (11.1 min). Civic Pulse Score: 21/100. These signals are temporally associated; the system does not infer causation.,No major signal is currently contributing to the Civic Pulse Score.
2026-09-24 12:30:00,C-Scheme,26.9118,75.795,1.52,11.32,31.035,0.0,11.713797269627129,27.756616401222676,21.945602950200374,21.2,Moderate Activity,1,Watch,High,C-Scheme: One civic signal is showing unusual activity. Observed signals: traffic delay is unusually high (11.3 min). Civic Pulse Score: 21/100. These signals are temporally associated; the system does not infer causation.,No major signal is currently contributing to the Civic Pulse Score.
2026-09-24 12:30:00,Civil Lines,26.9075,75.787,0.0,6.4350000000000005,36.63,2.0,19.666464345396353,5.022075371731307,3.866346120467007,9.1,Normal,0,Normal,High,Civil Lines is currently showing mostly normal civic conditions. The Civic Pulse Score is 9/100.,No major signal is currently contributing to the Civic Pulse Score.
2026-09-24 12:30:00,Durgapura,26.8547,75.805,1.36,7.415000000000001,39.31,4.0,6.559472250879352,12.54470557997327,87.12216119442363,33.1,Moderate Activity,1,Watch,High,Durgapura: One civic signal is showing unusual activity. Observed signals: civic incidents are elevated (4). Civic Pulse Score: 33/100. These signals are temporally associated; the system does not infer causation.,🚨 Civic incidents are elevated (score 87/100).
2026-09-24 12:30:00,Jagatpura,26.839,75.826,1.71,9.565,27.32,1.0,11.988100740093234,21.83770997210949,6.206823358425821,14.2,Normal,0,Normal,High,Jagatpura is currently showing mostly normal civic conditions. The Civic Pulse Score is 14/100.,No major signal is currently contributing to the Civic Pulse Score.
2026-09-24 12:30:00,Malviya Nagar,26.8508,75.806,0.33,9.775,34.305,3.0,27.253062487820742,9.346406432116098,25.568687996077664,19.6,Normal,0,Normal,High,Malviya Nagar is currently showing mostly normal civic conditions. The Civic Pulse Score is 20/100.,No major signal is currently contributing to the Civic Pulse Score.
2026-09-24 12:30:00,Mansarovar,26.85,75.763,4.37,6.04,32.105000000000004,1.0,32.7988036359943,22.455718338821047,6.879315569656974,20.9,Moderate Activity,0,Normal,High,Mansarovar is currently showing mostly normal civic conditions. The Civic Pulse Score is 21/100.,No major signal is currently contributing to the Civic Pulse Score.
2026-09-24 12:30:00,Pratap Nagar,26.815,75.829,2.64,4.545,37.825,1.0,9.839873219373304,23.872638962608338,12.692912014769535,16.3,Normal,0,Normal,High,Pratap Nagar is currently showing mostly normal civic conditions. The Civic Pulse Score is 16/100.,No major signal is currently contributing to the Civic Pulse Score.
2026-09-24 12:30:00,Raja Park,26.9,75.822,0.0,11.335,33.49,0.0,77.07739593937542,21.89262701576901,25.05562237868628,39.4,Moderate Activity,1,Watch,High,Raja Park: One civic signal is showing unusual activity. Observed signals: rainfall is unusually high (0.0 mm). Civic Pulse Score: 39/100. These signals are temporally associated; the system does not infer causation.,🌧️ Weather activity is elevated (score 77/100).
2026-09-24 12:30:00,Sanganer,26.8197,75.769,5.04,8.055,30.0,0.0,55.03840103407644,10.623182898774491,21.0930745179251,27.1,Moderate Activity,1,Watch,High,Sanganer: One civic signal is showing unusual activity. Observed signals: rainfall is unusually high (5.0 mm). Civic Pulse Score: 27/100. These signals are temporally associated; the system does not infer causation.,🌧️ Weather activity is elevated (score 55/100).
2026-09-24 12:30:00,Vaishali Nagar,26.9124,75.7485,1.65,9.344999999999999,36.53,1.0,7.310114657194166,12.951588730797836,4.2789959579742085,8.7,Normal,0,Normal,High,Vaishali Nagar is currently showing mostly normal civic conditions. The Civic Pulse Score is 9/100.,No major signal is currently contributing to the Civic Pulse Score.
2026-09-24 12:40:00,C-Scheme,26.9118,75.795,2.13,10.525,34.18,0.0,2.824492253076243,16.555729446916065,19.13022635783426,13.2,Normal,0,Normal,High,C-Scheme is currently showing mostly normal civic conditions. The Civic Pulse Score is 13/100.,No major signal is currently contributing to the Civic Pulse Score.
2026-09-24 12:40:00,Civil Lines,26.9075,75.787,2.63,7.765000000000001,34.59,2.0,33.53700653550468,6.207457561464389,3.866346120467007,13.7,Normal,0,Normal,High,Civil Lines is currently showing mostly normal civic conditions. The Civic Pulse Score is 14/100.,No major signal is currently contributing to the Civic Pulse Score.
2026-09-24 12:40:00,Durgapura,26.8547,75.805,2.8,6.654999999999999,39.595,2.0,14.229367912429327,13.958368149938607,11.699367335540046,13.4,Normal,0,Normal,High,Durgapura is currently showing mostly normal civic conditions. The Civic Pulse Score is 13/100.,No major signal is currently contributing to the Civic Pulse Score.
2026-09-24 12:40:00,Jagatpura,26.839,75.826,3.58,8.6,34.739999999999995,1.0,47.62330348698122,4.79101465738178,8.356690953957177,18.7,Normal,1,Watch,High,Jagatpura: One civic signal is showing unusual activity. Observed signals: rainfall is unusually high (3.6 mm). Civic Pulse Score: 19/100. These signals are temporally associated; the system does not infer causation.,🌧️ Weather activity is elevated (score 48/100).
2026-09-24 12:40:00,Malviya Nagar,26.8508,75.806,0.0,11.08,29.505,1.0,27.610134575987985,22.124639819225113,6.038847023587656,18.9,Normal,0,Normal,High,Malviya Nagar is currently showing mostly normal civic conditions. The Civic Pulse Score is 19/100.,No major signal is currently contributing to the Civic Pulse Score.
2026-09-24 12:40:00,Mansarovar,26.85,75.763,1.3,6.66,33.715,2.0,8.429558351865623,13.6288565699975,2.293105189885658,8.7,Normal,0,Normal,High,Mansarovar is currently showing mostly normal civic conditions. The Civic Pulse Score is 9/100.,No major signal is currently contributing to the Civic Pulse Score.
2026-09-24 12:40:00,Pratap Nagar,26.815,75.829,3.26,8.45,38.235,3.0,25.10619680309686,4.145852307894799,15.000714199273084,13.7,Normal,0,Normal,High,Pratap Nagar is currently showing mostly normal civic conditions. The Civic Pulse Score is 14/100.,No major signal is currently contributing to the Civic Pulse Score.
2026-09-24 12:40:00,Raja Park,26.9,75.822,4.99,10.2,29.11,1.0,55.799279938084005,19.481937410862557,9.039889079110756,27.2,Moderate Activity,1,Watch,High,Raja Park: One civic signal is showing unusual activity. Observed signals: rainfall is unusually high (5.0 mm). Civic Pulse Score: 27/100. These signals are temporally associated; the system does not infer causation.,🌧️ Weather activity is elevated (score 56/100).
2026-09-24 12:40:00,Sanganer,26.8197,75.769,2.35,10.14,44.66,0.0,1.6782993285907493,18.03151543602723,19.331730602335043,13.5,Normal,0,Normal,High,Sanganer is currently showing mostly normal civic conditions. The Civic Pulse Score is 14/100.,No major signal is currently contributing to the Civic Pulse Score.
2026-09-24 12:40:00,Vaishali Nagar,26.9124,75.7485,1.1,9.035,39.24,2.0,2.0622020892753645,9.213915058605481,7.746574415806515,6.6,Normal,0,Normal,High,Vaishali Nagar is currently showing mostly normal civic conditions. The Civic Pulse Score is 7/100.,No major signal is currently contributing to the Civic Pulse Score.
2026-09-24 12:50:00,C-Scheme,26.9118,75.795,2.13,8.54,39.76,4.0,3.4920011030045996,18.901551697162603,56.8553052530972,25.7,Moderate Activity,1,Watch,High,C-Scheme: One civic signal is showing unusual activity. Observed signals: civic incidents are elevated (4). Civic Pulse Score: 26/100. These signals are temporally associated; the system does not infer causation.,🚨 Civic incidents are elevated (score 57/100).
2026-09-24 12:50:00,Civil Lines,26.9075,75.787,2.63,6.305,44.8,0.0,27.91968186403715,15.930371465445944,20.428946101789606,20.9,Moderate Activity,0,Normal,High,Civil Lines is currently showing mostly normal civic conditions. The Civic Pulse Score is 21/100.,No major signal is currently contributing to the Civic Pulse Score.
2026-09-24 12:50:00,Durgapura,26.8547,75.805,2.8,6.17,43.315,0.0,11.739412261204263,20.768891240176664,29.970029970029973,20.8,Moderate Activity,0,Normal,High,Durgapura is currently showing mostly normal civic conditions. The Civic Pulse Score is 21/100.,No major signal is currently contributing to the Civic Pulse Score.
2026-09-24 12:50:00,Jagatpura,26.839,75.826,3.58,6.015000000000001,30.950000000000003,1.0,35.862722368698215,13.73157173292762,6.763163978376152,18.3,Normal,0,Normal,High,Jagatpura is currently showing mostly normal civic conditions. The Civic Pulse Score is 18/100.,No major signal is currently contributing to the Civic Pulse Score.
2026-09-24 12:50:00,Malviya Nagar,26.8508,75.806,0.0,9.305,38.614999999999995,1.0,23.561054867803527,9.694174112532876,4.860188770917094,12.4,Normal,0,Normal,High,Malviya Nagar is currently showing mostly normal civic conditions. The Civic Pulse Score is 12/100.,No major signal is currently contributing to the Civic Pulse Score.
2026-09-24 12:50:00,Mansarovar,26.85,75.763,1.3,8.67,22.485,2.0,7.5975321306088475,36.26070854014917,1.537338567815199,17.2,Normal,1,Watch,High,Mansarovar: One civic signal is showing unusual activity. Observed signals: traffic congestion is unusually high (22%). Civic Pulse Score: 17/100. These signals are temporally associated; the system does not infer causation.,No major signal is currently contributing to the Civic Pulse Score.
2026-09-24 12:50:00,Pratap Nagar,26.815,75.829,3.26,7.140000000000001,24.11,4.0,21.161526695394212,21.332320408746263,26.53972512179084,22.8,Moderate Activity,0,Normal,High,Pratap Nagar is currently showing mostly normal civic conditions. The Civic Pulse Score is 23/100.,No major signal is currently contributing to the Civic Pulse Score.
2026-09-24 12:50:00,Raja Park,26.9,75.822,4.99,9.945,53.36,5.0,42.333042039121224,32.97968469551597,39.172852676146604,37.6,Moderate Activity,2,Elevated,High,"Raja Park: Multiple civic signals are showing unusual activity. Observed signals: rainfall is unusually high (5.0 mm), traffic congestion is unusually high (53%). Civic Pulse Score: 38/100. These signals are temporally associated; the system does not infer causation.",🌧️ Weather activity is elevated (score 42/100).
2026-09-24 12:50:00,Sanganer,26.8197,75.769,2.35,6.390000000000001,38.97,0.0,1.0971625135312428,10.152815489958991,16.369488309228156,9.3,Normal,0,Normal,High,Sanganer is currently showing mostly normal civic conditions. The Civic Pulse Score is 9/100.,No major signal is currently contributing to the Civic Pulse Score.
2026-09-24 12:50:00,Vaishali Nagar,26.9124,75.7485,1.1,9.855,29.475,0.0,3.1996286775220733,19.85840544798889,18.81310929553011,14.5,Normal,0,Normal,High,Vaishali Nagar is currently showing mostly normal civic conditions. The Civic Pulse Score is 14/100.,No major signal is currently contributing to the Civic Pulse Score.
2026-09-24 13:00:00,C-Scheme,26.9118,75.795,0.32,6.215,36.129999999999995,2.0,35.174893006256156,13.134803113676817,13.285463451892841,19.8,Normal,0,Normal,High,C-Scheme is currently showing mostly normal civic conditions. The Civic Pulse Score is 20/100.,No major signal is currently contributing to the Civic Pulse Score.
2026-09-24 13:00:00,Civil Lines,26.9075,75.787,2.83,9.690000000000001,38.41,1.0,27.028162009154574,21.62835626654435,8.755262615052688,19.4,Normal,0,Normal,High,Civil Lines is currently showing mostly normal civic conditions. The Civic Pulse Score is 19/100.,No major signal is currently contributing to the Civic Pulse Score.
2026-09-24 13:00:00,Durgapura,26.8547,75.805,3.69,8.575,36.375,0.0,22.63107191122115,5.4956037265014075,24.827293433703275,16.4,Normal,0,Normal,High,Durgapura is currently showing mostly normal civic conditions. The Civic Pulse Score is 16/100.,No major signal is currently contributing to the Civic Pulse Score.
2026-09-24 13:00:00,Jagatpura,26.839,75.826,3.57,9.67,42.22,1.0,28.67331976617504,29.35320731034878,5.174337402117041,21.9,Moderate Activity,0,Normal,High,Jagatpura is currently showing mostly normal civic conditions. The Civic Pulse Score is 22/100.,No major signal is currently contributing to the Civic Pulse Score.
2026-09-24 13:00:00,Malviya Nagar,26.8508,75.806,0.92,9.190000000000001,24.42,1.0,9.897112081851509,16.15433776860958,3.682424606897145,10.5,Normal,0,Normal,High,Malviya Nagar is currently showing mostly normal civic conditions. The Civic Pulse Score is 10/100.,No major signal is currently contributing to the Civic Pulse Score.
2026-09-24 13:00:00,Mansarovar,26.85,75.763,4.51,9.26,43.845,2.0,30.197570812736437,25.825944285325455,0.774307198538719,19.6,Normal,0,Normal,High,Mansarovar is currently showing mostly normal civic conditions. The Civic Pulse Score is 20/100.,No major signal is currently contributing to the Civic Pulse Score.
2026-09-24 13:00:00,Pratap Nagar,26.815,75.829,1.8,9.175,30.784999999999997,2.0,5.5533599706026,9.676569338283786,3.2346004922071447,6.5,Normal,0,Normal,High,Pratap Nagar is currently showing mostly normal civic conditions. The Civic Pulse Score is 6/100.,No major signal is currently contributing to the Civic Pulse Score.
2026-09-24 13:00:00,Raja Park,26.9,75.822,0.0,1.29,33.45,1.0,37.84035553696344,33.362849955255726,12.950923821901,28.6,Moderate Activity,1,Watch,High,Raja Park: One civic signal is showing unusual activity. Observed signals: traffic delay is unusually high (1.3 min). Civic Pulse Score: 29/100. These signals are temporally associated; the system does not infer causation.,No major signal is currently contributing to the Civic Pulse Score.
2026-09-24 13:00:00,Sanganer,26.8197,75.769,1.96,6.029999999999999,44.0,4.0,6.509307502381761,16.412430195037466,30.02579109844384,17.5,Normal,0,Normal,High,Sanganer is currently showing mostly normal civic conditions. The Civic Pulse Score is 18/100.,No major signal is currently contributing to the Civic Pulse Score.
2026-09-24 13:00:00,Vaishali Nagar,26.9124,75.7485,3.22,10.125,31.799999999999997,4.0,26.800646083768687,14.798691312112426,34.23196766379368,24.2,Moderate Activity,0,Normal,High,Vaishali Nagar is currently showing mostly normal civic conditions. The Civic Pulse Score is 24/100.,No major signal is currently contributing to the Civic Pulse Score.
2026-09-24 13:10:00,C-Scheme,26.9118,75.795,2.83,7.5649999999999995,39.485,0.0,9.553593017274478,11.409804188166719,18.412123034485724,13.0,Normal,0,Normal,High,C-Scheme is currently showing mostly normal civic conditions. The Civic Pulse Score is 13/100.,No major signal is currently contributing to the Civic Pulse Score.
2026-09-24 13:10:00,Civil Lines,26.9075,75.787,3.46,9.21,48.8,3.0,38.882270268654736,29.57323159815651,14.592104358421148,27.9,Moderate Activity,0,Normal,High,Civil Lines is currently showing mostly normal civic conditions. The Civic Pulse Score is 28/100.,No major signal is currently contributing to the Civic Pulse Score.
2026-09-24 13:10:00,Durgapura,26.8547,75.805,3.53,8.705,37.45,2.0,17.064469228698766,6.168010749410784,14.93909670524818,12.1,Normal,0,Normal,High,Durgapura is currently showing mostly normal civic conditions. The Civic Pulse Score is 12/100.,No major signal is currently contributing to the Civic Pulse Score.
2026-09-24 13:10:00,Jagatpura,26.839,75.826,0.94,9.28,33.81,1.0,47.19633155011071,10.240028565460037,5.174337402117041,19.8,Normal,1,Watch,High,Jagatpura: One civic signal is showing unusual activity. Observed signals: rainfall is unusually high (0.9 mm). Civic Pulse Score: 20/100. These signals are temporally associated; the system does not infer causation.,🌧️ Weather activity is elevated (score 47/100).
2026-09-24 13:10:00,Malviya Nagar,26.8508,75.806,2.26,8.015,22.45,5.0,7.4062457812283675,22.024883421619975,56.25111359137087,27.9,Moderate Activity,1,Watch,High,Malviya Nagar: One civic signal is showing unusual activity. Observed signals: civic incidents are elevated (5). Civic Pulse Score: 28/100. These signals are temporally associated; the system does not infer causation.,🚨 Civic incidents are elevated (score 56/100).
2026-09-24 13:10:00,Mansarovar,26.85,75.763,3.38,9.105,42.105000000000004,0.0,14.10744702282108,18.37393817338697,20.165606488091058,17.6,Normal,0,Normal,High,Mansarovar is currently showing mostly normal civic conditions. The Civic Pulse Score is 18/100.,No major signal is currently contributing to the Civic Pulse Score.
2026-09-24 13:10:00,Pratap Nagar,26.815,75.829,0.0,4.88,19.43,0.0,34.48700311152634,35.60257210135837,31.142822430084184,33.9,Moderate Activity,1,Watch,High,Pratap Nagar: One civic signal is showing unusual activity. Observed signals: traffic congestion is unusually high (19%). Civic Pulse Score: 34/100. These signals are temporally associated; the system does not infer causation.,No major signal is currently contributing to the Civic Pulse Score.
2026-09-24 13:10:00,Raja Park,26.9,75.822,5.64,13.43,30.759999999999998,2.0,41.28783256046951,23.97605659331731,2.918420871684229,22.9,Moderate Activity,1,Watch,High,Raja Park: One civic signal is showing unusual activity. Observed signals: rainfall is unusually high (5.6 mm). Civic Pulse Score: 23/100. These signals are temporally associated; the system does not infer causation.,🌧️ Weather activity is elevated (score 41/100).
2026-09-24 13:10:00,Sanganer,26.8197,75.769,4.81,9.28,36.14,2.0,37.27209243866443,10.25234296389364,4.318568886086469,16.6,Normal,0,Normal,High,Sanganer is currently showing mostly normal civic conditions. The Civic Pulse Score is 17/100.,No major signal is currently contributing to the Civic Pulse Score.
2026-09-24 13:10:00,Vaishali Nagar,26.9124,75.7485,5.08,6.765000000000001,51.3,1.0,59.171201382966515,26.42681494594351,6.740377539093947,30.3,Moderate Activity,2,Elevated,High,"Vaishali Nagar: Multiple civic signals are showing unusual activity. Observed signals: rainfall is unusually high (5.1 mm), traffic congestion is unusually high (51%). Civic Pulse Score: 30/100. These signals are temporally associated; the system does not infer causation.",🌧️ Weather activity is elevated (score 59/100).
2026-09-24 13:20:00,C-Scheme,26.9118,75.795,2.83,11.365,33.755,1.0,8.98083085288269,21.25942311992275,1.2077694047175296,11.6,Normal,0,Normal,High,C-Scheme is currently showing mostly normal civic conditions. The Civic Pulse Score is 12/100.,No major signal is currently contributing to the Civic Pulse Score.
2026-09-24 13:20:00,Civil Lines,26.9075,75.787,3.46,7.165000000000001,33.875,3.0,31.103389561490282,5.229168520696592,12.103272520923223,15.1,Normal,0,Normal,High,Civil Lines is currently showing mostly normal civic conditions. The Civic Pulse Score is 15/100.,No major signal is currently contributing to the Civic Pulse Score.
2026-09-24 13:20:00,Durgapura,26.8547,75.805,3.53,5.85,37.425,3.0,14.424051035252806,13.908902006538463,30.723844130280526,19.1,Normal,0,Normal,High,Durgapura is currently showing mostly normal civic conditions. The Civic Pulse Score is 19/100.,No major signal is currently contributing to the Civic Pulse Score.
2026-09-24 13:20:00,Jagatpura,26.839,75.826,0.94,6.17,32.695,3.0,36.56061438266689,9.944551592388509,39.0720654454166,26.7,Moderate Activity,0,Normal,High,Jagatpura is currently showing mostly normal civic conditions. The Civic Pulse Score is 27/100.,No major signal is currently contributing to the Civic Pulse Score.
2026-09-24 13:20:00,Malviya Nagar,26.8508,75.806,2.26,8.629999999999999,42.334999999999994,3.0,7.097158080087226,19.974484470558682,15.590362321737716,14.8,Normal,0,Normal,High,Malviya Nagar is currently showing mostly normal civic conditions. The Civic Pulse Score is 15/100.,No major signal is currently contributing to the Civic Pulse Score.
2026-09-24 13:20:00,Mansarovar,26.85,75.763,3.38,9.870000000000001,39.79,1.0,13.757172175172785,19.72585727317402,10.486115373807351,15.2,Normal,0,Normal,High,Mansarovar is currently showing mostly normal civic conditions. The Civic Pulse Score is 15/100.,No major signal is currently contributing to the Civic Pulse Score.
2026-09-24 13:20:00,Pratap Nagar,26.815,75.829,0.0,9.344999999999999,30.715000000000003,5.0,27.989838995626467,8.731089979396376,34.48460550287123,22.2,Moderate Activity,0,Normal,High,Pratap Nagar is currently showing mostly normal civic conditions. The Civic Pulse Score is 22/100.,No major signal is currently contributing to the Civic Pulse Score.
2026-09-24 13:20:00,Raja Park,26.9,75.822,5.64,4.7299999999999995,30.549999999999997,2.0,32.60971903651961,16.98845296261737,2.918420871684229,17.5,Normal,0,Normal,High,Raja Park is currently showing mostly normal civic conditions. The Civic Pulse Score is 18/100.,No major signal is currently contributing to the Civic Pulse Score.
2026-09-24 13:20:00,Sanganer,26.8197,75.769,4.81,8.91,39.46,2.0,30.3523496706297,5.611663292329587,2.67989508399153,12.2,Normal,0,Normal,High,Sanganer is currently showing mostly normal civic conditions. The Civic Pulse Score is 12/100.,No major signal is currently contributing to the Civic Pulse Score.
2026-09-24 13:20:00,Vaishali Nagar,26.9124,75.7485,5.08,7.505000000000001,46.14,0.0,41.87131847927192,13.430208130034945,17.11598383189684,23.1,Moderate Activity,1,Watch,High,Vaishali Nagar: One civic signal is showing unusual activity. Observed signals: rainfall is unusually high (5.1 mm). Civic Pulse Score: 23/100. These signals are temporally associated; the system does not infer causation.,🌧️ Weather activity is elevated (score 42/100).
2026-09-24 13:30:00,C-Scheme,26.9118,75.795,2.77,10.149999999999999,34.239999999999995,1.0,7.522543025639457,11.799256516120648,1.2077694047175296,7.3,Normal,0,Normal,High,C-Scheme is currently showing mostly normal civic conditions. The Civic Pulse Score is 7/100.,No major signal is currently contributing to the Civic Pulse Score.
2026-09-24 13:30:00,Civil Lines,26.9075,75.787,0.36,9.11,52.655,0.0,19.892506740030193,29.848741454544534,29.1114044298643,26.6,Moderate Activity,0,Normal,High,Civil Lines is currently showing mostly normal civic conditions. The Civic Pulse Score is 27/100.,No major signal is currently contributing to the Civic Pulse Score.
2026-09-24 13:30:00,Durgapura,26.8547,75.805,2.83,10.53,32.97,2.0,2.010493449070703,16.65192840915185,9.400169218007099,10.1,Normal,0,Normal,High,Durgapura is currently showing mostly normal civic conditions. The Civic Pulse Score is 10/100.,No major signal is currently contributing to the Civic Pulse Score.
2026-09-24 13:30:00,Jagatpura,26.839,75.826,0.24,6.85,38.08,4.0,43.98395274271408,12.242741632508295,52.06904856350604,33.7,Moderate Activity,2,Elevated,High,"Jagatpura: Multiple civic signals are showing unusual activity. Observed signals: rainfall is unusually high (0.2 mm), civic incidents are elevated (4). Civic Pulse Score: 34/100. These signals are temporally associated; the system does not infer causation.",🌧️ Weather activity is elevated (score 44/100). 🚨 Civic incidents are elevated (score 52/100).
2026-09-24 13:30:00,Malviya Nagar,26.8508,75.806,4.71,9.165000000000001,29.15,2.0,34.8387113481051,10.096424065008996,0.0,14.5,Normal,0,Normal,High,Malviya Nagar is currently showing mostly normal civic conditions. The Civic Pulse Score is 14/100.,No major signal is currently contributing to the Civic Pulse Score.
2026-09-24 13:30:00,Mansarovar,26.85,75.763,0.37,6.8149999999999995,27.18,2.0,17.968266882443643,23.518128440002023,0.0,14.8,Normal,0,Normal,High,Mansarovar is currently showing mostly normal civic conditions. The Civic Pulse Score is 15/100.,No major signal is currently contributing to the Civic Pulse Score.
2026-09-24 13:30:00,Pratap Nagar,26.815,75.829,2.52,6.49,28.185000000000002,1.0,12.208758162981553,12.996522611372592,14.597939246186204,13.2,Normal,0,Normal,High,Pratap Nagar is currently showing mostly normal civic conditions. The Civic Pulse Score is 13/100.,No major signal is currently contributing to the Civic Pulse Score.
2026-09-24 13:30:00,Raja Park,26.9,75.822,2.69,5.67,32.36,1.0,3.2619953188490465,11.064192622573527,13.744092318710795,9.5,Normal,0,Normal,High,Raja Park is currently showing mostly normal civic conditions. The Civic Pulse Score is 10/100.,No major signal is currently contributing to the Civic Pulse Score.
2026-09-24 13:30:00,Sanganer,26.8197,75.769,2.39,6.67,41.010000000000005,1.0,4.562446961701335,10.517686954410209,7.298969623093102,7.8,Normal,0,Normal,High,Sanganer is currently showing mostly normal civic conditions. The Civic Pulse Score is 8/100.,No major signal is currently contributing to the Civic Pulse Score.
2026-09-24 13:30:00,Vaishali Nagar,26.9124,75.7485,2.02,10.34,44.28,0.0,1.9962714061841118,15.731161430235552,14.386495343640673,11.2,Normal,0,Normal,High,Vaishali Nagar is currently showing mostly normal civic conditions. The Civic Pulse Score is 11/100.,No major signal is currently contributing to the Civic Pulse Score.
2026-09-24 13:40:00,C-Scheme,26.9118,75.795,1.73,7.585000000000001,24.55,0.0,7.591154573269905,24.612399076407442,17.43745385601899,17.4,Normal,1,Watch,High,C-Scheme: One civic signal is showing unusual activity. Observed signals: traffic congestion is unusually high (25%). Civic Pulse Score: 17/100. These signals are temporally associated; the system does not infer causation.,No major signal is currently contributing to the Civic Pulse Score.
2026-09-24 13:40:00,Civil Lines,26.9075,75.787,1.62,8.245,32.895,2.0,1.0866848345205906,12.204731151668934,2.0285062060512473,5.8,Normal,0,Normal,High,Civil Lines is currently showing mostly normal civic conditions. The Civic Pulse Score is 6/100.,No major signal is currently contributing to the Civic Pulse Score.
2026-09-24 13:40:00,Durgapura,26.8547,75.805,1.32,7.620000000000001,43.019999999999996,3.0,36.4410924631141,13.973876015585102,24.11259383375603,23.8,Moderate Activity,0,Normal,High,Durgapura is currently showing mostly normal civic conditions. The Civic Pulse Score is 24/100.,No major signal is currently contributing to the Civic Pulse Score.
2026-09-24 13:40:00,Jagatpura,26.839,75.826,3.31,6.775,40.965,2.0,17.52850173443907,17.527621491469557,8.889754696462292,14.9,Normal,0,Normal,High,Jagatpura is currently showing mostly normal civic conditions. The Civic Pulse Score is 15/100.,No major signal is currently contributing to the Civic Pulse Score.
2026-09-24 13:40:00,Malviya Nagar,26.8508,75.806,2.94,8.73,31.375,1.0,11.297791465286638,3.2743416019436977,13.000416673474566,8.6,Normal,0,Normal,High,Malviya Nagar is currently showing mostly normal civic conditions. The Civic Pulse Score is 9/100.,No major signal is currently contributing to the Civic Pulse Score.
2026-09-24 13:40:00,Mansarovar,26.85,75.763,2.38,3.8150000000000004,38.985,1.0,2.8852983777728984,33.649161924708324,8.872866854760066,17.0,Normal,1,Watch,High,Mansarovar: One civic signal is showing unusual activity. Observed signals: traffic delay is unusually high (3.8 min). Civic Pulse Score: 17/100. These signals are temporally associated; the system does not infer causation.,No major signal is currently contributing to the Civic Pulse Score.
2026-09-24 13:40:00,Pratap Nagar,26.815,75.829,2.86,10.18,41.195,2.0,16.970922481385784,16.88345248609576,1.8003703948895267,12.4,Normal,0,Normal,High,Pratap Nagar is currently showing mostly normal civic conditions. The Civic Pulse Score is 12/100.,No major signal is currently contributing to the Civic Pulse Score.
2026-09-24 13:40:00,Raja Park,26.9,75.822,1.27,10.26,39.195,2.0,17.893565145753602,13.91824490218301,2.270965620830209,11.6,Normal,0,Normal,High,Raja Park is currently showing mostly normal civic conditions. The Civic Pulse Score is 12/100.,No major signal is currently contributing to the Civic Pulse Score.
2026-09-24 13:40:00,Sanganer,26.8197,75.769,1.38,11.36,24.295,0.0,23.10220160943124,45.348217017830635,16.890352314786945,30.1,Moderate Activity,1,Watch,High,Sanganer: One civic signal is showing unusual activity. Observed signals: traffic congestion is unusually high (24%). Civic Pulse Score: 30/100. These signals are temporally associated; the system does not infer causation.,🚗 Traffic disruption is elevated (score 45/100).
2026-09-24 13:40:00,Vaishali Nagar,26.9124,75.7485,1.23,8.11,35.230000000000004,3.0,10.716368119310546,7.618230260024149,26.000833346949133,14.1,Normal,0,Normal,High,Vaishali Nagar is currently showing mostly normal civic conditions. The Civic Pulse Score is 14/100.,No major signal is currently contributing to the Civic Pulse Score.
2026-09-24 13:50:00,C-Scheme,26.9118,75.795,1.73,9.785,34.19,1.0,4.881456322040028,7.642937753304537,1.3428813168581575,4.9,Normal,0,Normal,High,C-Scheme is currently showing mostly normal civic conditions. The Civic Pulse Score is 5/100.,No major signal is currently contributing to the Civic Pulse Score.
2026-09-24 13:50:00,Civil Lines,26.9075,75.787,1.62,7.5249999999999995,35.06999999999999,1.0,3.3252166865544694,3.934398736557702,13.285463451892836,6.6,Normal,0,Normal,High,Civil Lines is currently showing mostly normal civic conditions. The Civic Pulse Score is 7/100.,No major signal is currently contributing to the Civic Pulse Score.
2026-09-24 13:50:00,Durgapura,26.8547,75.805,1.32,12.145,39.2,2.0,32.99798557487315,20.97645022140183,5.113737599215531,19.8,Normal,0,Normal,High,Durgapura is currently showing mostly normal civic conditions. The Civic Pulse Score is 20/100.,No major signal is currently contributing to the Civic Pulse Score.
2026-09-24 13:50:00,Jagatpura,26.839,75.826,3.31,6.75,34.480000000000004,3.0,15.090220416697282,5.967294002276953,24.12933417611194,14.2,Normal,0,Normal,High,Jagatpura is currently showing mostly normal civic conditions. The Civic Pulse Score is 14/100.,No major signal is currently contributing to the Civic Pulse Score.
2026-09-24 13:50:00,Malviya Nagar,26.8508,75.806,2.94,7.955,35.435,0.0,14.42611743952137,10.831847557007002,28.847527306294406,17.3,Normal,0,Normal,High,Malviya Nagar is currently showing mostly normal civic conditions. The Civic Pulse Score is 17/100.,No major signal is currently contributing to the Civic Pulse Score.
2026-09-24 13:50:00,Mansarovar,26.85,75.763,2.38,7.495,44.165000000000006,1.0,0.8578886995259158,14.967331875208238,8.872866854760066,8.9,Normal,0,Normal,High,Mansarovar is currently showing mostly normal civic conditions. The Civic Pulse Score is 9/100.,No major signal is currently contributing to the Civic Pulse Score.
2026-09-24 13:50:00,Pratap Nagar,26.815,75.829,2.86,5.715,29.96,2.0,14.26575503826937,16.195683577038555,3.866346120467009,11.9,Normal,0,Normal,High,Pratap Nagar is currently showing mostly normal civic conditions. The Civic Pulse Score is 12/100.,No major signal is currently contributing to the Civic Pulse Score.
2026-09-24 13:50:00,Raja Park,26.9,75.822,1.27,7.904999999999999,42.785,0.0,16.590673078249033,12.552696643218791,26.539725121790845,18.0,Normal,0,Normal,High,Raja Park is currently showing mostly normal civic conditions. The Civic Pulse Score is 18/100.,No major signal is currently contributing to the Civic Pulse Score.
2026-09-24 13:50:00,Sanganer,26.8197,75.769,1.38,8.725,40.370000000000005,1.0,19.69946685460816,6.267866250453715,2.91842087168423,9.3,Normal,0,Normal,High,Sanganer is currently showing mostly normal civic conditions. The Civic Pulse Score is 9/100.,No major signal is currently contributing to the Civic Pulse Score.
2026-09-24 13:50:00,Vaishali Nagar,26.9124,75.7485,1.23,9.535,36.400000000000006,3.0,12.672449126454122,11.079034181241896,21.826507250432805,14.8,Normal,0,Normal,High,Vaishali Nagar is currently showing mostly normal civic conditions. The Civic Pulse Score is 15/100.,No major signal is currently contributing to the Civic Pulse Score.
2026-09-24 14:00:00,C-Scheme,26.9118,75.795,3.15,9.765,40.485,1.0,34.28625672512779,19.203818713854616,0.0,18.0,Normal,0,Normal,High,C-Scheme is currently showing mostly normal civic conditions. The Civic Pulse Score is 18/100.,No major signal is currently contributing to the Civic Pulse Score.
2026-09-24 14:00:00,Civil Lines,26.9075,75.787,0.0,8.515,46.015,4.0,34.96334562539739,16.456088464818468,30.194235117938256,26.1,Moderate Activity,0,Normal,High,Civil Lines is currently showing mostly normal civic conditions. The Civic Pulse Score is 26/100.,No major signal is currently contributing to the Civic Pulse Score.
2026-09-24 14:00:00,Durgapura,26.8547,75.805,1.32,7.380000000000001,39.705,4.0,30.193887439194636,8.504438253662634,34.909239078922944,22.9,Moderate Activity,0,Normal,High,Durgapura is currently showing mostly normal civic conditions. The Civic Pulse Score is 23/100.,No major signal is currently contributing to the Civic Pulse Score.
2026-09-24 14:00:00,Jagatpura,26.839,75.826,1.93,9.355,39.125,4.0,9.542447678955309,19.027636126776635,35.79616319450872,21.2,Moderate Activity,0,Normal,High,Jagatpura is currently showing mostly normal civic conditions. The Civic Pulse Score is 21/100.,No major signal is currently contributing to the Civic Pulse Score.
2026-09-24 14:00:00,Malviya Nagar,26.8508,75.806,0.0,8.370000000000001,23.985,2.0,20.343438384353362,15.219395334303913,1.0647727069325807,12.5,Normal,0,Normal,High,Malviya Nagar is currently showing mostly normal civic conditions. The Civic Pulse Score is 12/100.,No major signal is currently contributing to the Civic Pulse Score.
2026-09-24 14:00:00,Mansarovar,26.85,75.763,0.0,31.384999999999998,72.055,1.0,30.622352473348183,100.0,6.1550268517314795,51.0,Elevated Activity,2,Elevated,High,"Mansarovar: Multiple civic signals are showing unusual activity. Observed signals: traffic delay is unusually high (31.4 min), traffic congestion is unusually high (72%). Civic Pulse Score: 51/100. These signals are temporally associated; the system does not infer causation.",🚗 Traffic disruption is elevated (score 100/100).
2026-09-24 14:00:00,Pratap Nagar,26.815,75.829,1.74,8.25,43.315,2.0,5.274646496800771,17.14450466128269,2.918420871684229,9.3,Normal,0,Normal,High,Pratap Nagar is currently showing mostly normal civic conditions. The Civic Pulse Score is 9/100.,No major signal is currently contributing to the Civic Pulse Score.
2026-09-24 14:00:00,Raja Park,26.9,75.822,0.0,5.79,40.595,1.0,27.755213167228835,14.295414297690453,8.454385833022712,16.6,Normal,0,Normal,High,Raja Park is currently showing mostly normal civic conditions. The Civic Pulse Score is 17/100.,No major signal is currently contributing to the Civic Pulse Score.
2026-09-24 14:00:00,Sanganer,26.8197,75.769,0.9,3.915,34.28,1.0,23.410507348568885,26.23333787508422,2.91842087168423,18.4,Normal,1,Watch,High,Sanganer: One civic signal is showing unusual activity. Observed signals: traffic delay is unusually high (3.9 min). Civic Pulse Score: 18/100. These signals are temporally associated; the system does not infer causation.,No major signal is currently contributing to the Civic Pulse Score.
2026-09-24 14:00:00,Vaishali Nagar,26.9124,75.7485,1.42,6.779999999999999,38.83,3.0,12.530058967158464,14.705209105856676,24.980621829132296,17.1,Normal,0,Normal,High,Vaishali Nagar is currently showing mostly normal civic conditions. The Civic Pulse Score is 17/100.,No major signal is currently contributing to the Civic Pulse Score.
2026-09-24 14:10:00,C-Scheme,26.9118,75.795,0.07,6.045,48.95,2.0,42.45285312325873,44.512371908705575,15.73001366667367,35.3,Moderate Activity,2,Elevated,High,"C-Scheme: Multiple civic signals are showing unusual activity. Observed signals: rainfall is unusually high (0.1 mm), traffic congestion is unusually high (49%). Civic Pulse Score: 35/100. These signals are temporally associated; the system does not infer causation.",🌧️ Weather activity is elevated (score 42/100). 🚗 Traffic disruption is elevated (score 45/100).
2026-09-24 14:10:00,Civil Lines,26.9075,75.787,0.0,7.945,33.53,4.0,28.32394313542629,13.254194431498432,30.194235117938256,22.9,Moderate Activity,0,Normal,High,Civil Lines is currently showing mostly normal civic conditions. The Civic Pulse Score is 23/100.,No major signal is currently contributing to the Civic Pulse Score.
2026-09-24 14:10:00,Durgapura,26.8547,75.805,1.24,3.45,23.35,1.0,26.407884389166348,46.102276638330046,16.509544436287115,31.3,Moderate Activity,2,Elevated,High,"Durgapura: Multiple civic signals are showing unusual activity. Observed signals: traffic delay is unusually high (3.5 min), traffic congestion is unusually high (23%). Civic Pulse Score: 31/100. These signals are temporally associated; the system does not infer causation.",🚗 Traffic disruption is elevated (score 46/100).
2026-09-24 14:10:00,Jagatpura,26.839,75.826,3.8,13.965,35.084999999999994,4.0,21.38909384206794,39.80906040053343,29.64281025192829,31.2,Moderate Activity,1,Watch,High,Jagatpura: One civic signal is showing unusual activity. Observed signals: traffic delay is unusually high (14.0 min). Civic Pulse Score: 31/100. These signals are temporally associated; the system does not infer causation.,No major signal is currently contributing to the Civic Pulse Score.
2026-09-24 14:10:00,Malviya Nagar,26.8508,75.806,0.0,10.385,28.085,0.0,20.343438384353362,17.98445961797988,24.48977225944938,20.6,Moderate Activity,0,Normal,High,Malviya Nagar is currently showing mostly normal civic conditions. The Civic Pulse Score is 21/100.,No major signal is currently contributing to the Civic Pulse Score.
2026-09-24 14:10:00,Mansarovar,26.85,75.763,2.83,33.425,64.13,0.0,9.69183537088637,53.97016066921192,27.289317842559143,32.7,Moderate Activity,2,Elevated,High,"Mansarovar: Multiple civic signals are showing unusual activity. Observed signals: traffic delay is unusually high (33.4 min), traffic congestion is unusually high (64%). Civic Pulse Score: 33/100. These signals are temporally associated; the system does not infer causation.",🚗 Traffic disruption is elevated (score 54/100).
2026-09-24 14:10:00,Pratap Nagar,26.815,75.829,1.49,8.05,33.225,2.0,12.912525612077939,5.105237527993294,2.918420871684229,6.8,Normal,0,Normal,High,Pratap Nagar is currently showing mostly normal civic conditions. The Civic Pulse Score is 7/100.,No major signal is currently contributing to the Civic Pulse Score.
2026-09-24 14:10:00,Raja Park,26.9,75.822,0.0,6.23,31.765,0.0,23.567431716658838,12.745373694770086,21.589404262836993,18.6,Normal,0,Normal,High,Raja Park is currently showing mostly normal civic conditions. The Civic Pulse Score is 19/100.,No major signal is currently contributing to the Civic Pulse Score.
2026-09-24 14:10:00,Sanganer,26.8197,75.769,2.68,8.85,31.82,2.0,0.6159201857872687,15.490809871782321,17.45745711915604,11.6,Normal,0,Normal,High,Sanganer is currently showing mostly normal civic conditions. The Civic Pulse Score is 12/100.,No major signal is currently contributing to the Civic Pulse Score.
2026-09-24 14:10:00,Vaishali Nagar,26.9124,75.7485,3.62,8.77,36.01,0.0,19.56871971428597,4.883471491189122,18.81310929553011,13.5,Normal,0,Normal,High,Vaishali Nagar is currently showing mostly normal civic conditions. The Civic Pulse Score is 14/100.,No major signal is currently contributing to the Civic Pulse Score.
2026-09-24 14:20:00,C-Scheme,26.9118,75.795,0.07,11.16,45.205,2.0,35.651902750497904,27.6410748208841,15.73001366667367,26.5,Moderate Activity,0,Normal,High,C-Scheme is currently showing mostly normal civic conditions. The Civic Pulse Score is 26/100.,No major signal is currently contributing to the Civic Pulse Score.
2026-09-24 14:20:00,Civil Lines,26.9075,75.787,0.0,11.52,43.795,4.0,24.68539612625183,35.29426175473405,30.194235117938256,30.6,Moderate Activity,1,Watch,High,Civil Lines: One civic signal is showing unusual activity. Observed signals: traffic delay is unusually high (11.5 min). Civic Pulse Score: 31/100. These signals are temporally associated; the system does not infer causation.,No major signal is currently contributing to the Civic Pulse Score.
2026-09-24 14:20:00,Durgapura,26.8547,75.805,1.24,8.79,34.815,1.0,22.49256216328112,5.353444699479038,16.509544436287115,13.8,Normal,0,Normal,High,Durgapura is currently showing mostly normal civic conditions. The Civic Pulse Score is 14/100.,No major signal is currently contributing to the Civic Pulse Score.
2026-09-24 14:20:00,Jagatpura,26.839,75.826,3.8,9.02,36.115,2.0,20.056841442803965,3.0128412143056305,5.1137375992155345,8.8,Normal,0,Normal,High,Jagatpura is currently showing mostly normal civic conditions. The Civic Pulse Score is 9/100.,No major signal is currently contributing to the Civic Pulse Score.
2026-09-24 14:20:00,Malviya Nagar,26.8508,75.806,0.0,5.81,39.69,2.0,18.563496689031506,42.703924486233156,1.0647727069325807,23.0,Moderate Activity,1,Watch,High,Malviya Nagar: One civic signal is showing unusual activity. Observed signals: traffic delay is unusually high (5.8 min). Civic Pulse Score: 23/100. These signals are temporally associated; the system does not infer causation.,🚗 Traffic disruption is elevated (score 43/100).
2026-09-24 14:20:00,Mansarovar,26.85,75.763,2.83,33.16,67.31,4.0,7.7044295837665295,40.07888280583009,73.47124034535155,40.4,Elevated Activity,2,Elevated,High,"Mansarovar: Multiple civic signals are showing unusual activity. Observed signals: traffic delay is unusually high (33.2 min), civic incidents are elevated (4). Civic Pulse Score: 40/100. These signals are temporally associated; the system does not infer causation.",🚗 Traffic disruption is elevated (score 40/100). 🚨 Civic incidents are elevated (score 73/100).
2026-09-24 14:20:00,Pratap Nagar,26.815,75.829,1.49,7.74,38.82,0.0,10.873162848702734,9.14461161181794,30.878408501044852,16.2,Normal,0,Normal,High,Pratap Nagar is currently showing mostly normal civic conditions. The Civic Pulse Score is 16/100.,No major signal is currently contributing to the Civic Pulse Score.
2026-09-24 14:20:00,Raja Park,26.9,75.822,0.0,7.640000000000001,20.82,1.0,20.592578208413606,22.742447826663074,4.860188770917094,16.7,Normal,1,Watch,High,Raja Park: One civic signal is showing unusual activity. Observed signals: traffic congestion is unusually high (21%). Civic Pulse Score: 17/100. These signals are temporally associated; the system does not infer causation.,No major signal is currently contributing to the Civic Pulse Score.
2026-09-24 14:20:00,Sanganer,26.8197,75.769,2.68,9.405000000000001,34.53,1.0,0.023387082394621034,12.115033360675797,1.3428813168581557,5.3,Normal,0,Normal,High,Sanganer is currently showing mostly normal civic conditions. The Civic Pulse Score is 5/100.,No major signal is currently contributing to the Civic Pulse Score.
2026-09-24 14:20:00,Vaishali Nagar,26.9124,75.7485,3.62,7.27,32.795,1.0,16.74474558569021,21.8306422749085,5.533267439861799,15.4,Normal,0,Normal,High,Vaishali Nagar is currently showing mostly normal civic conditions. The Civic Pulse Score is 15/100.,No major signal is currently contributing to the Civic Pulse Score.
2026-09-24 14:30:00,C-Scheme,26.9118,75.795,0.0,9.855,29.965,2.0,32.15422130434231,14.161490804058218,13.953817362974757,19.5,Normal,0,Normal,High,C-Scheme is currently showing mostly normal civic conditions. The Civic Pulse Score is 20/100.,No major signal is currently contributing to the Civic Pulse Score.
2026-09-24 14:30:00,Civil Lines,26.9075,75.787,3.43,7.15,44.415000000000006,3.0,26.375595034830077,14.113220651342893,11.354828104151043,17.0,Normal,0,Normal,High,Civil Lines is currently showing mostly normal civic conditions. The Civic Pulse Score is 17/100.,No major signal is currently contributing to the Civic Pulse Score.
2026-09-24 14:30:00,Durgapura,26.8547,75.805,1.83,6.475,33.39,5.0,8.098177551959225,12.985431311321914,44.464215377892444,21.0,Moderate Activity,1,Watch,High,Durgapura: One civic signal is showing unusual activity. Observed signals: civic incidents are elevated (5). Civic Pulse Score: 21/100. These signals are temporally associated; the system does not infer causation.,🚨 Civic incidents are elevated (score 44/100).
2026-09-24 14:30:00,Jagatpura,26.839,75.826,3.27,8.615,25.795,1.0,10.794374380412453,23.45558473774618,19.394021710512746,18.4,Normal,1,Watch,High,Jagatpura: One civic signal is showing unusual activity. Observed signals: traffic congestion is unusually high (26%). Civic Pulse Score: 18/100. These signals are temporally associated; the system does not infer causation.,No major signal is currently contributing to the Civic Pulse Score.
2026-09-24 14:30:00,Malviya Nagar,26.8508,75.806,1.27,11.025,37.43,1.0,1.16227948849133,25.05368279276763,10.539435219830011,13.5,Normal,0,Normal,High,Malviya Nagar is currently showing mostly normal civic conditions. The Civic Pulse Score is 14/100.,No major signal is currently contributing to the Civic Pulse Score.
2026-09-24 14:30:00,Mansarovar,26.85,75.763,1.79,30.325,75.88499999999999,3.0,8.711150829717665,34.44897358322119,29.19596756240127,25.2,Moderate Activity,1,Watch,High,Mansarovar: One civic signal is showing unusual activity. Observed signals: traffic congestion is unusually high (76%). Civic Pulse Score: 25/100. These signals are temporally associated; the system does not infer causation.,No major signal is currently contributing to the Civic Pulse Score.
2026-09-24 14:30:00,Pratap Nagar,26.815,75.829,0.14,7.925000000000001,47.12,1.0,32.871984580117456,22.13653050575037,13.530903542724054,22.8,Moderate Activity,0,Normal,High,Pratap Nagar is currently showing mostly normal civic conditions. The Civic Pulse Score is 23/100.,No major signal is currently contributing to the Civic Pulse Score.
2026-09-24 14:30:00,Raja Park,26.9,75.822,2.65,11.64,38.59,1.0,3.627916766340161,15.803882943441366,4.860188770917094,8.9,Normal,0,Normal,High,Raja Park is currently showing mostly normal civic conditions. The Civic Pulse Score is 9/100.,No major signal is currently contributing to the Civic Pulse Score.
2026-09-24 14:30:00,Sanganer,26.8197,75.769,0.0,4.395,44.94,3.0,38.55853519285468,32.14804313235493,30.698398198544467,33.6,Moderate Activity,0,Normal,High,Sanganer is currently showing mostly normal civic conditions. The Civic Pulse Score is 34/100.,No major signal is currently contributing to the Civic Pulse Score.
2026-09-24 14:30:00,Vaishali Nagar,26.9124,75.7485,2.11,8.834999999999999,36.985,2.0,5.514236381533404,3.5357496258241063,6.9108614445802,5.1,Normal,0,Normal,High,Vaishali Nagar is currently showing mostly normal civic conditions. The Civic Pulse Score is 5/100.,No major signal is currently contributing to the Civic Pulse Score.
2026-09-24 14:40:00,C-Scheme,26.9118,75.795,2.96,10.26,25.47,0.0,21.595302526551777,23.811240612149547,23.074028073106085,22.9,Moderate Activity,0,Normal,High,C-Scheme is currently showing mostly normal civic conditions. The Civic Pulse Score is 23/100.,No major signal is currently contributing to the Civic Pulse Score.
2026-09-24 14:40:00,Civil Lines,26.9075,75.787,0.68,8.77,38.805,0.0,16.181974567942806,5.87829021489852,30.287301726105866,16.3,Normal,0,Normal,High,Civil Lines is currently showing mostly normal civic conditions. The Civic Pulse Score is 16/100.,No major signal is currently contributing to the Civic Pulse Score.
2026-09-24 14:40:00,Durgapura,26.8547,75.805,2.35,7.449999999999999,26.585,2.0,1.243890423695456,20.000438427513487,1.1066534879723613,8.7,Normal,0,Normal,High,Durgapura is currently showing mostly normal civic conditions. The Civic Pulse Score is 9/100.,No major signal is currently contributing to the Civic Pulse Score.
2026-09-24 14:40:00,Jagatpura,26.839,75.826,1.64,11.185,33.185,4.0,16.109972683396677,17.351502394495807,27.15163039471785,19.9,Normal,0,Normal,High,Jagatpura is currently showing mostly normal civic conditions. The Civic Pulse Score is 20/100.,No major signal is currently contributing to the Civic Pulse Score.
2026-09-24 14:40:00,Malviya Nagar,26.8508,75.806,2.02,11.305,31.75,1.0,7.350288643730134,16.192000369057258,8.454385833022716,11.2,Normal,0,Normal,High,Malviya Nagar is currently showing mostly normal civic conditions. The Civic Pulse Score is 11/100.,No major signal is currently contributing to the Civic Pulse Score.
2026-09-24 14:40:00,Mansarovar,26.85,75.763,1.74,33.805,86.00999999999999,0.0,7.066313365001681,36.36220714012039,27.17002360607271,24.8,Moderate Activity,1,Watch,High,Mansarovar: One civic signal is showing unusual activity. Observed signals: traffic congestion is unusually high (86%). Civic Pulse Score: 25/100. These signals are temporally associated; the system does not infer causation.,No major signal is currently contributing to the Civic Pulse Score.
2026-09-24 14:40:00,Pratap Nagar,26.815,75.829,3.76,7.54,26.455,0.0,32.266851760370564,10.503738652291727,27.06180708544811,22.0,Moderate Activity,0,Normal,High,Pratap Nagar is currently showing mostly normal civic conditions. The Civic Pulse Score is 22/100.,No major signal is currently contributing to the Civic Pulse Score.
2026-09-24 14:40:00,Raja Park,26.9,75.822,3.0,5.54,40.855,1.0,4.887581123322336,13.70808467915857,6.349824783187352,8.9,Normal,0,Normal,High,Raja Park is currently showing mostly normal civic conditions. The Civic Pulse Score is 9/100.,No major signal is currently contributing to the Civic Pulse Score.
2026-09-24 14:40:00,Sanganer,26.8197,75.769,3.32,9.15,28.175,6.0,14.32186804651156,21.700105775037763,73.85847242719862,35.1,Moderate Activity,1,Watch,High,Sanganer: One civic signal is showing unusual activity. Observed signals: civic incidents are elevated (6). Civic Pulse Score: 35/100. These signals are temporally associated; the system does not infer causation.,🚨 Civic incidents are elevated (score 74/100).
2026-09-24 14:40:00,Vaishali Nagar,26.9124,75.7485,2.34,7.23,28.845,1.0,3.03960394641914,25.373660413957655,8.077307645762431,13.5,Normal,0,Normal,High,Vaishali Nagar is currently showing mostly normal civic conditions. The Civic Pulse Score is 14/100.,No major signal is currently contributing to the Civic Pulse Score.
2026-09-24 14:50:00,C-Scheme,26.9118,75.795,2.96,7.3100000000000005,38.855000000000004,1.0,19.611592203424987,13.370329398088266,5.7685070182765195,13.0,Normal,0,Normal,High,C-Scheme is currently showing mostly normal civic conditions. The Civic Pulse Score is 13/100.,No major signal is currently contributing to the Civic Pulse Score.
2026-09-24 14:50:00,Civil Lines,26.9075,75.787,0.68,6.845,35.760000000000005,1.0,13.78890015066265,19.521797914419874,13.355081833649091,16.0,Normal,0,Normal,High,Civil Lines is currently showing mostly normal civic conditions. The Civic Pulse Score is 16/100.,No major signal is currently contributing to the Civic Pulse Score.
2026-09-24 14:50:00,Durgapura,26.8547,75.805,2.35,6.355,37.27,3.0,2.015410781393042,8.95059527728226,12.17318836769595,7.8,Normal,0,Normal,High,Durgapura is currently showing mostly normal civic conditions. The Civic Pulse Score is 8/100.,No major signal is currently contributing to the Civic Pulse Score.
2026-09-24 14:50:00,Jagatpura,26.839,75.826,1.64,10.129999999999999,46.8,3.0,13.629941707441812,31.92293173386281,7.603074030622313,19.1,Normal,1,Watch,High,Jagatpura: One civic signal is showing unusual activity. Observed signals: traffic congestion is unusually high (47%). Civic Pulse Score: 19/100. These signals are temporally associated; the system does not infer causation.,No major signal is currently contributing to the Civic Pulse Score.
2026-09-24 14:50:00,Malviya Nagar,26.8508,75.806,2.02,5.51,27.835,2.0,5.422560978614145,29.729368461881307,6.038847023587656,15.3,Normal,1,Watch,High,Malviya Nagar: One civic signal is showing unusual activity. Observed signals: traffic delay is unusually high (5.5 min). Civic Pulse Score: 15/100. These signals are temporally associated; the system does not infer causation.,No major signal is currently contributing to the Civic Pulse Score.
2026-09-24 14:50:00,Mansarovar,26.85,75.763,1.74,33.620000000000005,72.91499999999999,1.0,7.75186615165473,22.451053161296564,6.7144065842907885,13.3,Normal,0,Normal,High,Mansarovar is currently showing mostly normal civic conditions. The Civic Pulse Score is 13/100.,No major signal is currently contributing to the Civic Pulse Score.
2026-09-24 14:50:00,Pratap Nagar,26.815,75.829,3.76,10.75,51.89,1.0,30.06888811545565,43.1901844725714,9.703801476621434,29.2,Moderate Activity,2,Elevated,High,"Pratap Nagar: Multiple civic signals are showing unusual activity. Observed signals: traffic delay is unusually high (10.8 min), traffic congestion is unusually high (52%). Civic Pulse Score: 29/100. These signals are temporally associated; the system does not infer causation.",🚗 Traffic disruption is elevated (score 43/100).
2026-09-24 14:50:00,Raja Park,26.9,75.822,3.0,9.585,33.8,0.0,6.680410280049517,9.19819062286843,21.589404262836993,12.2,Normal,0,Normal,High,Raja Park is currently showing mostly normal civic conditions. The Civic Pulse Score is 12/100.,No major signal is currently contributing to the Civic Pulse Score.
2026-09-24 14:50:00,Sanganer,26.8197,75.769,3.32,6.07,20.854999999999997,1.0,12.90396266448894,32.61655544482211,10.592021847147631,20.1,Moderate Activity,1,Watch,High,Sanganer: One civic signal is showing unusual activity. Observed signals: traffic congestion is unusually high (21%). Civic Pulse Score: 20/100. These signals are temporally associated; the system does not infer causation.,No major signal is currently contributing to the Civic Pulse Score.
2026-09-24 14:50:00,Vaishali Nagar,26.9124,75.7485,2.34,9.295,38.3,1.0,4.621575324507847,7.953300366496478,6.9108614445802,6.6,Normal,0,Normal,High,Vaishali Nagar is currently showing mostly normal civic conditions. The Civic Pulse Score is 7/100.,No major signal is currently contributing to the Civic Pulse Score.
2026-09-24 15:00:00,C-Scheme,26.9118,75.795,4.18,11.165,34.035,1.0,36.41901190772757,14.61223467466899,2.099178295581468,17.4,Normal,0,Normal,High,C-Scheme is currently showing mostly normal civic conditions. The Civic Pulse Score is 17/100.,No major signal is currently contributing to the Civic Pulse Score.
2026-09-24 15:00:00,Civil Lines,26.9075,75.787,1.58,10.445,24.049999999999997,1.0,0.9528303996032288,39.51540116844805,15.265258858773258,20.7,Moderate Activity,1,Watch,High,Civil Lines: One civic signal is showing unusual activity. Observed signals: traffic congestion is unusually high (24%). Civic Pulse Score: 21/100. These signals are temporally associated; the system does not infer causation.,No major signal is currently contributing to the Civic Pulse Score.
2026-09-24 15:00:00,Durgapura,26.8547,75.805,3.29,9.305,47.345,1.0,22.033291177164287,28.88625450997501,19.440755083668382,24.0,Moderate Activity,1,Watch,High,Durgapura: One civic signal is showing unusual activity. Observed signals: traffic congestion is unusually high (47%). Civic Pulse Score: 24/100. These signals are temporally associated; the system does not infer causation.,No major signal is currently contributing to the Civic Pulse Score.
2026-09-24 15:00:00,Jagatpura,26.839,75.826,5.25,7.59,35.91,2.0,45.06680510177325,7.409828562948785,10.823258349531788,19.7,Normal,1,Watch,High,Jagatpura: One civic signal is showing unusual activity. Observed signals: rainfall is unusually high (5.2 mm). Civic Pulse Score: 20/100. These signals are temporally associated; the system does not infer causation.,🌧️ Weather activity is elevated (score 45/100).
2026-09-24 15:00:00,Malviya Nagar,26.8508,75.806,0.27,8.75,45.150000000000006,3.0,21.145244106283798,22.219689346883854,19.440755083668385,21.1,Moderate Activity,1,Watch,High,Malviya Nagar: One civic signal is showing unusual activity. Observed signals: traffic congestion is unusually high (45%). Civic Pulse Score: 21/100. These signals are temporally associated; the system does not infer causation.,No major signal is currently contributing to the Civic Pulse Score.
2026-09-24 15:00:00,Mansarovar,26.85,75.763,0.94,18.51,41.92,0.0,21.078660764087353,8.852568177822885,21.64651669906359,16.4,Normal,0,Normal,High,Mansarovar is currently showing mostly normal civic conditions. The Civic Pulse Score is 16/100.,No major signal is currently contributing to the Civic Pulse Score.
2026-09-24 15:00:00,Pratap Nagar,26.815,75.829,2.76,9.735,42.945,0.0,13.2741895087504,18.295109084071814,21.696703012897757,17.8,Normal,0,Normal,High,Pratap Nagar is currently showing mostly normal civic conditions. The Civic Pulse Score is 18/100.,No major signal is currently contributing to the Civic Pulse Score.
2026-09-24 15:00:00,Raja Park,26.9,75.822,3.66,5.9399999999999995,38.695,4.0,15.224206634333672,11.223235905168467,81.13053278566971,33.4,Moderate Activity,1,Watch,High,Raja Park: One civic signal is showing unusual activity. Observed signals: civic incidents are elevated (4). Civic Pulse Score: 33/100. These signals are temporally associated; the system does not infer causation.,🚨 Civic incidents are elevated (score 81/100).
2026-09-24 15:00:00,Sanganer,26.8197,75.769,1.89,12.18,16.244999999999997,1.0,7.887239798990838,44.23762967585795,12.103272520923223,23.7,Moderate Activity,1,Watch,High,Sanganer: One civic signal is showing unusual activity. Observed signals: traffic congestion is unusually high (16%). Civic Pulse Score: 24/100. These signals are temporally associated; the system does not infer causation.,🚗 Traffic disruption is elevated (score 44/100).
2026-09-24 15:00:00,Vaishali Nagar,26.9124,75.7485,2.6,5.93,43.989999999999995,2.0,2.5897872076208284,28.415608158225176,6.038847023587656,14.0,Normal,0,Normal,High,Vaishali Nagar is currently showing mostly normal civic conditions. The Civic Pulse Score is 14/100.,No major signal is currently contributing to the Civic Pulse Score.
2026-09-24 15:10:00,C-Scheme,26.9118,75.795,2.74,9.47,31.165,1.0,9.085938809611719,7.073887514139212,0.0,5.6,Normal,0,Normal,High,C-Scheme is currently showing mostly normal civic conditions. The Civic Pulse Score is 6/100.,No major signal is currently contributing to the Civic Pulse Score.
2026-09-24 15:10:00,Civil Lines,26.9075,75.787,3.22,6.72,30.31,1.0,26.383710060157462,23.84748745249958,15.265258858773258,22.0,Moderate Activity,0,Normal,High,Civil Lines is currently showing mostly normal civic conditions. The Civic Pulse Score is 22/100.,No major signal is currently contributing to the Civic Pulse Score.
2026-09-24 15:10:00,Durgapura,26.8547,75.805,2.75,8.995000000000001,34.849999999999994,4.0,12.293823815907409,6.887184017837242,25.514745020304986,14.1,Normal,0,Normal,High,Durgapura is currently showing mostly normal civic conditions. The Civic Pulse Score is 14/100.,No major signal is currently contributing to the Civic Pulse Score.
2026-09-24 15:10:00,Jagatpura,26.839,75.826,3.77,8.835,29.225,2.0,16.886621414591943,13.40830239047905,13.167361770120223,14.4,Normal,0,Normal,High,Jagatpura is currently showing mostly normal civic conditions. The Civic Pulse Score is 14/100.,No major signal is currently contributing to the Civic Pulse Score.
2026-09-24 15:10:00,Malviya Nagar,26.8508,75.806,1.55,8.84,35.15,2.0,2.36352687519985,4.284283555946502,2.3733932412426033,3.1,Normal,0,Normal,High,Malviya Nagar is currently showing mostly normal civic conditions. The Civic Pulse Score is 3/100.,No major signal is currently contributing to the Civic Pulse Score.
2026-09-24 15:10:00,Mansarovar,26.85,75.763,0.48,2.835,31.415,1.0,27.125656745943093,27.26794530099294,2.628180713939753,19.8,Normal,0,Normal,High,Mansarovar is currently showing mostly normal civic conditions. The Civic Pulse Score is 20/100.,No major signal is currently contributing to the Civic Pulse Score.
2026-09-24 15:10:00,Pratap Nagar,26.815,75.829,0.81,8.965,29.645000000000003,1.0,16.649510258585025,11.884941850071332,4.640970598246322,11.1,Normal,0,Normal,High,Pratap Nagar is currently showing mostly normal civic conditions. The Civic Pulse Score is 11/100.,No major signal is currently contributing to the Civic Pulse Score.
2026-09-24 15:10:00,Raja Park,26.9,75.822,1.25,6.41,31.645,0.0,11.605790826686404,10.715984793882129,21.945602950200374,14.4,Normal,0,Normal,High,Raja Park is currently showing mostly normal civic conditions. The Civic Pulse Score is 14/100.,No major signal is currently contributing to the Civic Pulse Score.
2026-09-24 15:10:00,Sanganer,26.8197,75.769,4.57,6.369999999999999,39.705,0.0,28.64338933050098,15.429618360696589,22.642203445450015,21.6,Moderate Activity,0,Normal,High,Sanganer is currently showing mostly normal civic conditions. The Civic Pulse Score is 22/100.,No major signal is currently contributing to the Civic Pulse Score.
2026-09-24 15:10:00,Vaishali Nagar,26.9124,75.7485,0.61,9.535,22.08,4.0,31.292351927327463,38.47232551877817,44.33003851517125,38.1,Moderate Activity,2,Elevated,High,"Vaishali Nagar: Multiple civic signals are showing unusual activity. Observed signals: traffic congestion is unusually high (22%), civic incidents are elevated (4). Civic Pulse Score: 38/100. These signals are temporally associated; the system does not infer causation.",🚨 Civic incidents are elevated (score 44/100).
2026-09-24 15:20:00,C-Scheme,26.9118,75.795,2.74,5.98,29.035,0.0,9.220067680993264,29.2808059633208,32.35965987221448,24.2,Moderate Activity,1,Watch,High,C-Scheme: One civic signal is showing unusual activity. Observed signals: traffic delay is unusually high (6.0 min). Civic Pulse Score: 24/100. These signals are temporally associated; the system does not infer causation.,No major signal is currently contributing to the Civic Pulse Score.
2026-09-24 15:20:00,Civil Lines,26.9075,75.787,3.22,4.46,41.21,1.0,27.29514324935277,30.853253086384875,13.000416673474561,24.4,Moderate Activity,1,Watch,High,Civil Lines: One civic signal is showing unusual activity. Observed signals: traffic delay is unusually high (4.5 min). Civic Pulse Score: 24/100. These signals are temporally associated; the system does not infer causation.,No major signal is currently contributing to the Civic Pulse Score.
2026-09-24 15:20:00,Durgapura,26.8547,75.805,2.75,8.09,30.155,5.0,14.97259569093128,9.645292554005035,36.828983742486635,19.4,Normal,0,Normal,High,Durgapura is currently showing mostly normal civic conditions. The Civic Pulse Score is 19/100.,No major signal is currently contributing to the Civic Pulse Score.
2026-09-24 15:20:00,Jagatpura,26.839,75.826,3.77,8.65,25.57,2.0,14.18103806036678,19.004813034515703,16.167772832439557,16.7,Normal,0,Normal,High,Jagatpura is currently showing mostly normal civic conditions. The Civic Pulse Score is 17/100.,No major signal is currently contributing to the Civic Pulse Score.
2026-09-24 15:20:00,Malviya Nagar,26.8508,75.806,1.55,9.379999999999999,37.14,1.0,1.570463734483862,8.794386206784866,11.699367335540048,7.5,Normal,0,Normal,High,Malviya Nagar is currently showing mostly normal civic conditions. The Civic Pulse Score is 8/100.,No major signal is currently contributing to the Civic Pulse Score.
2026-09-24 15:20:00,Mansarovar,26.85,75.763,0.48,8.305,31.41,0.0,23.11132077656876,21.022249112607714,20.55192461533504,21.5,Moderate Activity,0,Normal,High,Mansarovar is currently showing mostly normal civic conditions. The Civic Pulse Score is 22/100.,No major signal is currently contributing to the Civic Pulse Score.
2026-09-24 15:20:00,Pratap Nagar,26.815,75.829,0.81,10.015,35.275,1.0,18.84709097943755,12.98434943649565,6.038847023587653,12.7,Normal,0,Normal,High,Pratap Nagar is currently showing mostly normal civic conditions. The Civic Pulse Score is 13/100.,No major signal is currently contributing to the Civic Pulse Score.
2026-09-24 15:20:00,Raja Park,26.9,75.822,1.25,9.545,47.405,0.0,9.1358947010983,30.271524418413584,18.590016151523425,20.4,Moderate Activity,0,Normal,High,Raja Park is currently showing mostly normal civic conditions. The Civic Pulse Score is 20/100.,No major signal is currently contributing to the Civic Pulse Score.
2026-09-24 15:20:00,Sanganer,26.8197,75.769,4.57,11.265,32.93,0.0,29.590873309041463,12.808523891269374,19.51896575687175,19.9,Normal,0,Normal,High,Sanganer is currently showing mostly normal civic conditions. The Civic Pulse Score is 20/100.,No major signal is currently contributing to the Civic Pulse Score.
2026-09-24 15:20:00,Vaishali Nagar,26.9124,75.7485,0.61,8.71,29.685000000000002,4.0,27.746437127241343,13.70526600302723,34.021321396419665,24.0,Moderate Activity,0,Normal,High,Vaishali Nagar is currently showing mostly normal civic conditions. The Civic Pulse Score is 24/100.,No major signal is currently contributing to the Civic Pulse Score.
2026-09-24 15:30:00,C-Scheme,26.9118,75.795,1.73,8.385,35.5,0.0,5.218794460956728,4.680631032964265,27.043510928556568,11.6,Normal,0,Normal,High,C-Scheme is currently showing mostly normal civic conditions. The Civic Pulse Score is 12/100.,No major signal is currently contributing to the Civic Pulse Score.
2026-09-24 15:30:00,Civil Lines,26.9075,75.787,0.52,6.945,34.07,0.0,12.934703095449178,11.603586771411937,23.988263920929406,15.7,Normal,0,Normal,High,Civil Lines is currently showing mostly normal civic conditions. The Civic Pulse Score is 16/100.,No major signal is currently contributing to the Civic Pulse Score.
2026-09-24 15:30:00,Durgapura,26.8547,75.805,0.0,7.779999999999999,36.6,5.0,54.23228484290726,3.26784601681881,30.28730172610587,26.7,Moderate Activity,1,Watch,High,Durgapura: One civic signal is showing unusual activity. Observed signals: rainfall is unusually high (0.0 mm). Civic Pulse Score: 27/100. These signals are temporally associated; the system does not infer causation.,🌧️ Weather activity is elevated (score 54/100).
2026-09-24 15:30:00,Jagatpura,26.839,75.826,0.0,10.01,38.455,0.0,43.85873216158846,10.543159877864156,52.06904856350601,33.0,Moderate Activity,2,Elevated,High,"Jagatpura: Multiple civic signals are showing unusual activity. Observed signals: rainfall is unusually high (0.0 mm), civic incidents are elevated (0). Civic Pulse Score: 33/100. These signals are temporally associated; the system does not infer causation.",🌧️ Weather activity is elevated (score 44/100). 🚨 Civic incidents are elevated (score 52/100).
2026-09-24 15:30:00,Malviya Nagar,26.8508,75.806,0.76,8.52,33.14,0.0,11.64580377357849,2.0272660500976665,31.43479601110972,13.7,Normal,0,Normal,High,Malviya Nagar is currently showing mostly normal civic conditions. The Civic Pulse Score is 14/100.,No major signal is currently contributing to the Civic Pulse Score.
2026-09-24 15:30:00,Mansarovar,26.85,75.763,3.17,9.445,45.455,1.0,33.123237020217886,12.42570301401906,2.628180713939753,15.7,Normal,0,Normal,High,Mansarovar is currently showing mostly normal civic conditions. The Civic Pulse Score is 16/100.,No major signal is currently contributing to the Civic Pulse Score.
2026-09-24 15:30:00,Pratap Nagar,26.815,75.829,1.49,7.04,38.32,1.0,10.047239150151526,10.389196758740493,2.0991782955814657,7.8,Normal,0,Normal,High,Pratap Nagar is currently showing mostly normal civic conditions. The Civic Pulse Score is 8/100.,No major signal is currently contributing to the Civic Pulse Score.
2026-09-24 15:30:00,Raja Park,26.9,75.822,4.85,6.99,29.83,2.0,48.95367117006498,12.982477441629287,18.590016151523432,25.5,Moderate Activity,1,Watch,High,Raja Park: One civic signal is showing unusual activity. Observed signals: rainfall is unusually high (4.8 mm). Civic Pulse Score: 26/100. These signals are temporally associated; the system does not infer causation.,🌧️ Weather activity is elevated (score 49/100).
2026-09-24 15:30:00,Sanganer,26.8197,75.769,1.65,7.875,33.39,2.0,11.02648779885502,2.2833153418757486,6.954850953147565,6.3,Normal,0,Normal,High,Sanganer is currently showing mostly normal civic conditions. The Civic Pulse Score is 6/100.,No major signal is currently contributing to the Civic Pulse Score.
2026-09-24 15:30:00,Vaishali Nagar,26.9124,75.7485,0.0,8.049999999999999,38.035,4.0,39.13072688925396,6.733524896591161,28.264285379604598,22.9,Moderate Activity,0,Normal,High,Vaishali Nagar is currently showing mostly normal civic conditions. The Civic Pulse Score is 23/100.,No major signal is currently contributing to the Civic Pulse Score.
2026-09-24 15:40:00,C-Scheme,26.9118,75.795,0.0,6.85,31.924999999999997,1.0,29.223557496162083,15.10608001264653,2.0991782955814706,15.4,Normal,0,Normal,High,C-Scheme is currently showing mostly normal civic conditions. The Civic Pulse Score is 15/100.,No major signal is currently contributing to the Civic Pulse Score.
2026-09-24 15:40:00,Civil Lines,26.9075,75.787,1.31,7.17,47.375,1.0,1.0897353571807775,20.736127557682575,10.903756327695184,11.9,Normal,0,Normal,High,Civil Lines is currently showing mostly normal civic conditions. The Civic Pulse Score is 12/100.,No major signal is currently contributing to the Civic Pulse Score.
2026-09-24 15:40:00,Durgapura,26.8547,75.805,4.14,8.09,32.4,1.0,50.861878105499976,5.973996591970947,25.055622378686277,25.2,Moderate Activity,1,Watch,High,Durgapura: One civic signal is showing unusual activity. Observed signals: rainfall is unusually high (4.1 mm). Civic Pulse Score: 25/100. These signals are temporally associated; the system does not infer causation.,🌧️ Weather activity is elevated (score 51/100).
2026-09-24 15:40:00,Jagatpura,26.839,75.826,0.93,8.754999999999999,29.229999999999997,2.0,28.90623933775139,11.911845850668525,6.714406584290781,15.5,Normal,0,Normal,High,Jagatpura is currently showing mostly normal civic conditions. The Civic Pulse Score is 16/100.,No major signal is currently contributing to the Civic Pulse Score.
2026-09-24 15:40:00,Malviya Nagar,26.8508,75.806,3.49,11.635,42.12,0.0,40.74801448908896,30.734320732826824,25.871687010585216,32.3,Moderate Activity,1,Watch,High,Malviya Nagar: One civic signal is showing unusual activity. Observed signals: rainfall is unusually high (3.5 mm). Civic Pulse Score: 32/100. These signals are temporally associated; the system does not infer causation.,🌧️ Weather activity is elevated (score 41/100).
2026-09-24 15:40:00,Mansarovar,26.85,75.763,1.07,7.145,35.22,2.0,12.581823092968525,21.00604457879883,14.771694485439733,16.6,Normal,0,Normal,High,Mansarovar is currently showing mostly normal civic conditions. The Civic Pulse Score is 17/100.,No major signal is currently contributing to the Civic Pulse Score.
2026-09-24 15:40:00,Pratap Nagar,26.815,75.829,2.16,4.404999999999999,32.735,3.0,2.745177787317302,34.85952241307464,48.28110079837376,29.3,Moderate Activity,2,Elevated,High,"Pratap Nagar: Multiple civic signals are showing unusual activity. Observed signals: traffic delay is unusually high (4.4 min), civic incidents are elevated (3). Civic Pulse Score: 29/100. These signals are temporally associated; the system does not infer causation.",🚨 Civic incidents are elevated (score 48/100).
2026-09-24 15:40:00,Raja Park,26.9,75.822,0.51,2.94,20.314999999999998,0.0,17.025501832042412,46.60686809352065,16.569385343229424,28.7,Moderate Activity,2,Elevated,High,"Raja Park: Multiple civic signals are showing unusual activity. Observed signals: traffic delay is unusually high (2.9 min), traffic congestion is unusually high (20%). Civic Pulse Score: 29/100. These signals are temporally associated; the system does not infer causation.",🚗 Traffic disruption is elevated (score 47/100).
2026-09-24 15:40:00,Sanganer,26.8197,75.769,3.88,3.815,35.7,1.0,21.378228087443873,21.424513191252423,5.953287697172857,16.8,Normal,0,Normal,High,Sanganer is currently showing mostly normal civic conditions. The Civic Pulse Score is 17/100.,No major signal is currently contributing to the Civic Pulse Score.
2026-09-24 15:40:00,Vaishali Nagar,26.9124,75.7485,0.2,5.655,31.65,1.0,27.742053163618905,27.15560819795403,19.440755083668382,25.0,Moderate Activity,1,Watch,High,Vaishali Nagar: One civic signal is showing unusual activity. Observed signals: traffic delay is unusually high (5.7 min). Civic Pulse Score: 25/100. These signals are temporally associated; the system does not infer causation.,No major signal is currently contributing to the Civic Pulse Score.
2026-09-24 15:50:00,C-Scheme,26.9118,75.795,0.0,9.425,33.019999999999996,3.0,24.983689476352847,6.608538651555871,54.087021857113136,26.4,Moderate Activity,1,Watch,High,C-Scheme: One civic signal is showing unusual activity. Observed signals: civic incidents are elevated (3). Civic Pulse Score: 26/100. These signals are temporally associated; the system does not infer causation.,🚨 Civic incidents are elevated (score 54/100).
2026-09-24 15:50:00,Civil Lines,26.9075,75.787,1.31,7.595000000000001,47.32,1.0,0.6934268283811641,14.785735590287088,9.703801476621434,9.0,Normal,0,Normal,High,Civil Lines is currently showing mostly normal civic conditions. The Civic Pulse Score is 9/100.,No major signal is currently contributing to the Civic Pulse Score.
2026-09-24 15:50:00,Durgapura,26.8547,75.805,4.14,10.45,32.785,1.0,37.458950940236846,15.502191190423611,21.59785935797411,23.9,Moderate Activity,0,Normal,High,Durgapura is currently showing mostly normal civic conditions. The Civic Pulse Score is 24/100.,No major signal is currently contributing to the Civic Pulse Score.
2026-09-24 15:50:00,Jagatpura,26.839,75.826,0.93,7.880000000000001,42.545,0.0,24.187646711839072,22.241721058941696,38.94355818888655,27.8,Moderate Activity,0,Normal,High,Jagatpura is currently showing mostly normal civic conditions. The Civic Pulse Score is 28/100.,No major signal is currently contributing to the Civic Pulse Score.
2026-09-24 15:50:00,Malviya Nagar,26.8508,75.806,3.49,8.51,35.15,0.0,37.01113902352971,2.9310124134733027,22.63488196541539,19.1,Normal,0,Normal,High,Malviya Nagar is currently showing mostly normal civic conditions. The Civic Pulse Score is 19/100.,No major signal is currently contributing to the Civic Pulse Score.
2026-09-24 15:50:00,Mansarovar,26.85,75.763,1.07,8.02,28.830000000000002,0.0,10.557585289350646,23.76840050066859,18.39726499757826,18.2,Normal,0,Normal,High,Mansarovar is currently showing mostly normal civic conditions. The Civic Pulse Score is 18/100.,No major signal is currently contributing to the Civic Pulse Score.
2026-09-24 15:50:00,Pratap Nagar,26.815,75.829,2.16,11.379999999999999,44.435,1.0,3.8259877580843407,27.921733376359242,3.552005949583325,13.4,Normal,0,Normal,High,Pratap Nagar is currently showing mostly normal civic conditions. The Civic Pulse Score is 13/100.,No major signal is currently contributing to the Civic Pulse Score.
2026-09-24 15:50:00,Raja Park,26.9,75.822,0.51,6.595,41.980000000000004,2.0,15.816317471456694,11.16826994247286,19.535344308164657,15.1,Normal,0,Normal,High,Raja Park is currently showing mostly normal civic conditions. The Civic Pulse Score is 15/100.,No major signal is currently contributing to the Civic Pulse Score.
2026-09-24 15:50:00,Sanganer,26.8197,75.769,3.88,5.73,37.14,0.0,18.11275381447103,12.45868140451668,19.51896575687175,16.3,Normal,0,Normal,High,Sanganer is currently showing mostly normal civic conditions. The Civic Pulse Score is 16/100.,No major signal is currently contributing to the Civic Pulse Score.
2026-09-24 15:50:00,Vaishali Nagar,26.9124,75.7485,0.2,4.675,35.78,1.0,24.530263161277986,26.31879524001691,16.613752688698213,22.9,Moderate Activity,1,Watch,High,Vaishali Nagar: One civic signal is showing unusual activity. Observed signals: traffic delay is unusually high (4.7 min). Civic Pulse Score: 23/100. These signals are temporally associated; the system does not infer causation.,No major signal is currently contributing to the Civic Pulse Score.
2026-09-24 16:00:00,C-Scheme,26.9118,75.795,3.94,8.024999999999999,29.985,0.0,28.068377508999053,11.907171486908206,24.864041647083287,20.6,Moderate Activity,0,Normal,High,C-Scheme is currently showing mostly normal civic conditions. The Civic Pulse Score is 21/100.,No major signal is currently contributing to the Civic Pulse Score.
2026-09-24 16:00:00,Civil Lines,26.9075,75.787,0.0,10.184999999999999,31.81,2.0,20.52405458213185,22.26742208432755,3.2346004922071447,16.0,Normal,0,Normal,High,Civil Lines is currently showing mostly normal civic conditions. The Civic Pulse Score is 16/100.,No major signal is currently contributing to the Civic Pulse Score.
2026-09-24 16:00:00,Durgapura,26.8547,75.805,2.21,6.715,30.46,2.0,1.1831410430127332,11.54739513466156,8.495936572613939,7.5,Normal,0,Normal,High,Durgapura is currently showing mostly normal civic conditions. The Civic Pulse Score is 8/100.,No major signal is currently contributing to the Civic Pulse Score.
2026-09-24 16:00:00,Jagatpura,26.839,75.826,1.32,9.11,44.345,0.0,15.628629452910825,16.934710562458125,30.854112136153823,20.7,Moderate Activity,0,Normal,High,Jagatpura is currently showing mostly normal civic conditions. The Civic Pulse Score is 21/100.,No major signal is currently contributing to the Civic Pulse Score.
2026-09-24 16:00:00,Malviya Nagar,26.8508,75.806,9.08,27.915,70.74,13.0,100.0,100.0,100.0,100.0,High Activity,4,Critical,High,"Malviya Nagar: Several civic signals are simultaneously unusual. Observed signals: rainfall is unusually high (9.1 mm), traffic delay is unusually high (27.9 min), traffic congestion is unusually high (71%), civic incidents are elevated (13). Civic Pulse Score: 100/100. These signals are temporally associated; the system does not infer causation.",🌧️ Weather activity is elevated (score 100/100). 🚗 Traffic disruption is elevated (score 100/100). 🚨 Civic incidents are elevated (score 100/100).
2026-09-24 16:00:00,Mansarovar,26.85,75.763,4.41,6.495,38.89,1.0,56.542487015949504,18.672216783763066,1.2699649566374696,24.8,Moderate Activity,1,Watch,High,Mansarovar: One civic signal is showing unusual activity. Observed signals: rainfall is unusually high (4.4 mm). Civic Pulse Score: 25/100. These signals are temporally associated; the system does not infer causation.,🌧️ Weather activity is elevated (score 57/100).
2026-09-24 16:00:00,Pratap Nagar,26.815,75.829,3.43,9.36,29.705000000000002,1.0,27.644125788333223,16.586149396509093,1.8491056477123322,15.5,Normal,0,Normal,High,Pratap Nagar is currently showing mostly normal civic conditions. The Civic Pulse Score is 16/100.,No major signal is currently contributing to the Civic Pulse Score.
2026-09-24 16:00:00,Raja Park,26.9,75.822,1.44,5.1850000000000005,27.75,1.0,3.432276637852156,16.602571575155668,0.0,7.7,Normal,0,Normal,High,Raja Park is currently showing mostly normal civic conditions. The Civic Pulse Score is 8/100.,No major signal is currently contributing to the Civic Pulse Score.
2026-09-24 16:00:00,Sanganer,26.8197,75.769,0.35,8.344999999999999,45.239999999999995,0.0,33.737780206300116,19.702647473701525,17.85986309151857,23.4,Moderate Activity,0,Normal,High,Sanganer is currently showing mostly normal civic conditions. The Civic Pulse Score is 23/100.,No major signal is currently contributing to the Civic Pulse Score.
2026-09-24 16:00:00,Vaishali Nagar,26.9124,75.7485,1.78,4.1899999999999995,41.46,3.0,2.143207455503979,33.722114958229696,14.132142689802299,18.4,Normal,1,Watch,High,Vaishali Nagar: One civic signal is showing unusual activity. Observed signals: traffic delay is unusually high (4.2 min). Civic Pulse Score: 18/100. These signals are temporally associated; the system does not infer causation.,No major signal is currently contributing to the Civic Pulse Score.
2026-09-24 16:10:00,C-Scheme,26.9118,75.795,2.52,7.4799999999999995,38.209999999999994,1.0,8.865906261369753,11.929858270622177,1.6713381907914335,7.9,Normal,0,Normal,High,C-Scheme is currently showing mostly normal civic conditions. The Civic Pulse Score is 8/100.,No major signal is currently contributing to the Civic Pulse Score.
2026-09-24 16:10:00,Civil Lines,26.9075,75.787,2.76,7.3100000000000005,48.095,1.0,22.093919572113094,17.589258203235524,8.454385833022712,16.2,Normal,0,Normal,High,Civil Lines is currently showing mostly normal civic conditions. The Civic Pulse Score is 16/100.,No major signal is currently contributing to the Civic Pulse Score.
2026-09-24 16:10:00,Durgapura,26.8547,75.805,4.89,7.365,31.41,2.0,42.10971981923498,4.871251830093865,6.740377539093949,16.6,Normal,1,Watch,High,Durgapura: One civic signal is showing unusual activity. Observed signals: rainfall is unusually high (4.9 mm). Civic Pulse Score: 17/100. These signals are temporally associated; the system does not infer causation.,🌧️ Weather activity is elevated (score 42/100).
2026-09-24 16:10:00,Jagatpura,26.839,75.826,4.04,6.609999999999999,31.17,4.0,18.89588872901156,22.38892265965024,30.854112136153834,23.9,Moderate Activity,0,Normal,High,Jagatpura is currently showing mostly normal civic conditions. The Civic Pulse Score is 24/100.,No major signal is currently contributing to the Civic Pulse Score.
2026-09-24 16:10:00,Malviya Nagar,26.8508,75.806,15.15,25.275,72.66499999999999,4.0,100.0,55.30799443323961,10.707064666372903,55.3,Elevated Activity,3,Critical,High,"Malviya Nagar: Several civic signals are simultaneously unusual. Observed signals: rainfall is unusually high (15.2 mm), traffic delay is unusually high (25.3 min), traffic congestion is unusually high (73%). Civic Pulse Score: 55/100. These signals are temporally associated; the system does not infer causation.",🌧️ Weather activity is elevated (score 100/100). 🚗 Traffic disruption is elevated (score 55/100).
2026-09-24 16:10:00,Mansarovar,26.85,75.763,1.09,10.915,38.735,1.0,13.062516623662138,12.389990283618424,1.2699649566374696,9.3,Normal,0,Normal,High,Mansarovar is currently showing mostly normal civic conditions. The Civic Pulse Score is 9/100.,No major signal is currently contributing to the Civic Pulse Score.
2026-09-24 16:10:00,Pratap Nagar,26.815,75.829,0.0,10.655000000000001,35.425,1.0,33.565581899872754,13.757785506734574,0.0,15.6,Normal,0,Normal,High,Pratap Nagar is currently showing mostly normal civic conditions. The Civic Pulse Score is 16/100.,No major signal is currently contributing to the Civic Pulse Score.
2026-09-24 16:10:00,Raja Park,26.9,75.822,2.36,5.615,43.795,1.0,6.6054913860978495,18.292658630915458,0.0,9.3,Normal,0,Normal,High,Raja Park is currently showing mostly normal civic conditions. The Civic Pulse Score is 9/100.,No major signal is currently contributing to the Civic Pulse Score.
2026-09-24 16:10:00,Sanganer,26.8197,75.769,0.0,9.165,26.415,1.0,36.149722683309776,13.416107092898294,4.814555385067106,17.7,Normal,0,Normal,High,Sanganer is currently showing mostly normal civic conditions. The Civic Pulse Score is 18/100.,No major signal is currently contributing to the Civic Pulse Score.
2026-09-24 16:10:00,Vaishali Nagar,26.9124,75.7485,5.02,9.524999999999999,28.244999999999997,1.0,51.0455773753057,22.501282177048274,14.132142689802299,28.6,Moderate Activity,1,Watch,High,Vaishali Nagar: One civic signal is showing unusual activity. Observed signals: rainfall is unusually high (5.0 mm). Civic Pulse Score: 29/100. These signals are temporally associated; the system does not infer causation.,🌧️ Weather activity is elevated (score 51/100).
2026-09-24 16:20:00,C-Scheme,26.9118,75.795,2.52,8.08,35.535,3.0,6.739422540983345,7.898562024620314,41.90840002604609,17.8,Normal,1,Watch,High,C-Scheme: One civic signal is showing unusual activity. Observed signals: civic incidents are elevated (3). Civic Pulse Score: 18/100. These signals are temporally associated; the system does not infer causation.,🚨 Civic incidents are elevated (score 42/100).
2026-09-24 16:20:00,Civil Lines,26.9075,75.787,2.76,3.285,28.814999999999998,1.0,18.72311804866325,36.63946934849914,5.768507018276516,22.0,Moderate Activity,1,Watch,High,Civil Lines: One civic signal is showing unusual activity. Observed signals: traffic delay is unusually high (3.3 min). Civic Pulse Score: 22/100. These signals are temporally associated; the system does not infer causation.,No major signal is currently contributing to the Civic Pulse Score.
2026-09-24 16:20:00,Durgapura,26.8547,75.805,4.89,6.625,17.075,3.0,33.07468523783103,43.9798853263587,3.9903571744993984,28.7,Moderate Activity,1,Watch,High,Durgapura: One civic signal is showing unusual activity. Observed signals: traffic congestion is unusually high (17%). Civic Pulse Score: 29/100. These signals are temporally associated; the system does not infer causation.,🚗 Traffic disruption is elevated (score 44/100).
2026-09-24 16:20:00,Jagatpura,26.839,75.826,4.04,6.18,31.615000000000002,2.0,18.435261908167753,26.695562907057,2.3733932412426033,16.9,Normal,1,Watch,High,Jagatpura: One civic signal is showing unusual activity. Observed signals: traffic delay is unusually high (6.2 min). Civic Pulse Score: 17/100. These signals are temporally associated; the system does not infer causation.,No major signal is currently contributing to the Civic Pulse Score.
2026-09-24 16:20:00,Malviya Nagar,26.8508,75.806,15.15,26.38,72.08500000000001,2.0,53.34163684870895,40.837888709509464,2.344313711902104,33.0,Moderate Activity,3,Critical,High,"Malviya Nagar: Several civic signals are simultaneously unusual. Observed signals: rainfall is unusually high (15.2 mm), traffic delay is unusually high (26.4 min), traffic congestion is unusually high (72%). Civic Pulse Score: 33/100. These signals are temporally associated; the system does not infer causation.",🌧️ Weather activity is elevated (score 53/100). 🚗 Traffic disruption is elevated (score 41/100).
2026-09-24 16:20:00,Mansarovar,26.85,75.763,1.09,9.11,31.189999999999998,2.0,10.844265622495765,15.399694562610872,13.140903569698757,13.4,Normal,0,Normal,High,Mansarovar is currently showing mostly normal civic conditions. The Civic Pulse Score is 13/100.,No major signal is currently contributing to the Civic Pulse Score.
2026-09-24 16:20:00,Pratap Nagar,26.815,75.829,0.0,7.57,29.355,2.0,28.441699991835677,17.0660430717801,27.28931784255908,23.5,Moderate Activity,0,Normal,High,Pratap Nagar is currently showing mostly normal civic conditions. The Civic Pulse Score is 24/100.,No major signal is currently contributing to the Civic Pulse Score.
2026-09-24 16:20:00,Raja Park,26.9,75.822,2.36,7.16,28.75,1.0,4.395366274639934,7.504229860104003,1.4300012424248776,4.7,Normal,0,Normal,High,Raja Park is currently showing mostly normal civic conditions. The Civic Pulse Score is 5/100.,No major signal is currently contributing to the Civic Pulse Score.
2026-09-24 16:20:00,Sanganer,26.8197,75.769,0.0,8.33,29.535,5.0,29.418262333036267,5.833383663226508,42.52980732513709,23.9,Moderate Activity,1,Watch,High,Sanganer: One civic signal is showing unusual activity. Observed signals: civic incidents are elevated (5). Civic Pulse Score: 24/100. These signals are temporally associated; the system does not infer causation.,🚨 Civic incidents are elevated (score 43/100).
2026-09-24 16:20:00,Vaishali Nagar,26.9124,75.7485,5.02,10.055,38.85,4.0,41.892589159874795,21.6780758682431,29.209194002661818,30.0,Moderate Activity,1,Watch,High,Vaishali Nagar: One civic signal is showing unusual activity. Observed signals: rainfall is unusually high (5.0 mm). Civic Pulse Score: 30/100. These signals are temporally associated; the system does not infer causation.,🌧️ Weather activity is elevated (score 42/100).
2026-09-24 16:30:00,C-Scheme,26.9118,75.795,1.83,8.6,21.54,2.0,4.9203374888768145,28.98319763768132,16.902928588758623,18.1,Normal,1,Watch,High,C-Scheme: One civic signal is showing unusual activity. Observed signals: traffic congestion is unusually high (22%). Civic Pulse Score: 18/100. These signals are temporally associated; the system does not infer causation.,No major signal is currently contributing to the Civic Pulse Score.
2026-09-24 16:30:00,Civil Lines,26.9075,75.787,2.89,8.81,32.41,4.0,17.99060176566752,14.21228423991437,73.47124034535133,33.1,Moderate Activity,1,Watch,High,Civil Lines: One civic signal is showing unusual activity. Observed signals: civic incidents are elevated (4). Civic Pulse Score: 33/100. These signals are temporally associated; the system does not infer causation.,🚨 Civic incidents are elevated (score 73/100).
2026-09-24 16:30:00,Durgapura,26.8547,75.805,1.7,9.43,35.7,1.0,17.980441627717273,17.3009306468634,23.105512028203545,19.2,Normal,0,Normal,High,Durgapura is currently showing mostly normal civic conditions. The Civic Pulse Score is 19/100.,No major signal is currently contributing to the Civic Pulse Score.
2026-09-24 16:30:00,Jagatpura,26.839,75.826,0.0,6.075,31.395,2.0,30.788664377006643,22.090563623966105,2.3733932412426033,18.8,Normal,0,Normal,High,Jagatpura is currently showing mostly normal civic conditions. The Civic Pulse Score is 19/100.,No major signal is currently contributing to the Civic Pulse Score.
2026-09-24 16:30:00,Malviya Nagar,26.8508,75.806,23.45,25.810000000000002,74.08500000000001,19.0,69.52461047182248,32.62850489642458,93.30368573370377,61.9,Elevated Activity,2,Elevated,High,"Malviya Nagar: Multiple civic signals are showing unusual activity. Observed signals: rainfall is unusually high (23.4 mm), civic incidents are elevated (19). Civic Pulse Score: 62/100. These signals are temporally associated; the system does not infer causation.",🌧️ Weather activity is elevated (score 70/100). 🚨 Civic incidents are elevated (score 93/100).
2026-09-24 16:30:00,Mansarovar,26.85,75.763,3.97,6.445,50.485,2.0,41.492842125621756,9.45979072284732,20.954200013023055,22.5,Moderate Activity,1,Watch,High,Mansarovar: One civic signal is showing unusual activity. Observed signals: rainfall is unusually high (4.0 mm). Civic Pulse Score: 22/100. These signals are temporally associated; the system does not infer causation.,🌧️ Weather activity is elevated (score 41/100).
2026-09-24 16:30:00,Pratap Nagar,26.815,75.829,1.64,9.53,37.02,2.0,1.8507829732875054,3.9023170220728245,23.09096125139615,9.0,Normal,0,Normal,High,Pratap Nagar is currently showing mostly normal civic conditions. The Civic Pulse Score is 9/100.,No major signal is currently contributing to the Civic Pulse Score.
2026-09-24 16:30:00,Raja Park,26.9,75.822,1.91,10.1,27.755000000000003,1.0,4.998129821205376,23.088853914865936,1.4300012424248776,11.2,Normal,0,Normal,High,Raja Park is currently showing mostly normal civic conditions. The Civic Pulse Score is 11/100.,No major signal is currently contributing to the Civic Pulse Score.
2026-09-24 16:30:00,Sanganer,26.8197,75.769,4.34,5.595,36.71,1.0,22.19739274264393,13.02689231819489,6.61344643208608,13.9,Normal,0,Normal,High,Sanganer is currently showing mostly normal civic conditions. The Civic Pulse Score is 14/100.,No major signal is currently contributing to the Civic Pulse Score.
2026-09-24 16:30:00,Vaishali Nagar,26.9124,75.7485,3.71,10.22,43.485,3.0,20.820543730409014,26.659416447724716,9.720377541834187,19.8,Normal,0,Normal,High,Vaishali Nagar is currently showing mostly normal civic conditions. The Civic Pulse Score is 20/100.,No major signal is currently contributing to the Civic Pulse Score.
2026-09-24 16:40:00,C-Scheme,26.9118,75.795,3.2,10.875,36.06,4.0,13.136751408781153,24.643804496162453,53.78204550968653,29.9,Moderate Activity,1,Watch,High,C-Scheme: One civic signal is showing unusual activity. Observed signals: civic incidents are elevated (4). Civic Pulse Score: 30/100. These signals are temporally associated; the system does not infer causation.,🚨 Civic incidents are elevated (score 54/100).
2026-09-24 16:40:00,Civil Lines,26.9075,75.787,4.78,8.235,27.810000000000002,1.0,52.049946744219795,15.266867222578968,3.2335545664879097,22.7,Moderate Activity,1,Watch,High,Civil Lines: One civic signal is showing unusual activity. Observed signals: rainfall is unusually high (4.8 mm). Civic Pulse Score: 23/100. These signals are temporally associated; the system does not infer causation.,🌧️ Weather activity is elevated (score 52/100).
2026-09-24 16:40:00,Durgapura,26.8547,75.805,2.41,7.25,36.239999999999995,1.0,7.6867923371825695,11.26811209326393,19.8865574922177,12.8,Normal,0,Normal,High,Durgapura is currently showing mostly normal civic conditions. The Civic Pulse Score is 13/100.,No major signal is currently contributing to the Civic Pulse Score.
2026-09-24 16:40:00,Jagatpura,26.839,75.826,0.0,8.69,35.355000000000004,0.0,25.434982196375895,2.284981762976719,27.778696308503214,16.9,Normal,0,Normal,High,Jagatpura is currently showing mostly normal civic conditions. The Civic Pulse Score is 17/100.,No major signal is currently contributing to the Civic Pulse Score.
2026-09-24 16:40:00,Malviya Nagar,26.8508,75.806,29.12,28.765,68.09,10.0,60.12818110853485,26.899170903734124,20.564169899213493,35.0,Moderate Activity,1,Watch,High,Malviya Nagar: One civic signal is showing unusual activity. Observed signals: rainfall is unusually high (29.1 mm). Civic Pulse Score: 35/100. These signals are temporally associated; the system does not infer causation.,🌧️ Weather activity is elevated (score 60/100).
2026-09-24 16:40:00,Mansarovar,26.85,75.763,2.17,9.899999999999999,30.4,1.0,5.962068898716693,10.716319783676099,2.0991782955814724,6.7,Normal,0,Normal,High,Mansarovar is currently showing mostly normal civic conditions. The Civic Pulse Score is 7/100.,No major signal is currently contributing to the Civic Pulse Score.
2026-09-24 16:40:00,Pratap Nagar,26.815,75.829,4.15,11.04,19.58,2.0,33.40060517547029,33.09549971822218,19.939850803490135,29.2,Moderate Activity,1,Watch,High,Pratap Nagar: One civic signal is showing unusual activity. Observed signals: traffic congestion is unusually high (20%). Civic Pulse Score: 29/100. These signals are temporally associated; the system does not infer causation.,No major signal is currently contributing to the Civic Pulse Score.
2026-09-24 16:40:00,Raja Park,26.9,75.822,0.0,6.47,44.945,2.0,33.376042400287474,14.617678747028434,15.73001366667367,20.6,Moderate Activity,0,Normal,High,Raja Park is currently showing mostly normal civic conditions. The Civic Pulse Score is 21/100.,No major signal is currently contributing to the Civic Pulse Score.
2026-09-24 16:40:00,Sanganer,26.8197,75.769,1.08,6.38,37.12,1.0,17.5490509395167,12.42757934438647,5.055248542256963,11.8,Normal,0,Normal,High,Sanganer is currently showing mostly normal civic conditions. The Civic Pulse Score is 12/100.,No major signal is currently contributing to the Civic Pulse Score.
2026-09-24 16:40:00,Vaishali Nagar,26.9124,75.7485,0.71,11.32,29.97,2.0,14.622510856279236,23.868629997845204,6.038847023587652,15.7,Normal,0,Normal,High,Vaishali Nagar is currently showing mostly normal civic conditions. The Civic Pulse Score is 16/100.,No major signal is currently contributing to the Civic Pulse Score.
2026-09-24 16:50:00,C-Scheme,26.9118,75.795,3.2,6.279999999999999,37.55,3.0,12.712029912581926,23.945151334109724,24.129334176111932,20.6,Moderate Activity,0,Normal,High,C-Scheme is currently showing mostly normal civic conditions. The Civic Pulse Score is 21/100.,No major signal is currently contributing to the Civic Pulse Score.
2026-09-24 16:50:00,Civil Lines,26.9075,75.787,4.78,12.055,39.43,2.0,38.40238275231791,27.425794920248645,15.523012206351108,27.1,Moderate Activity,1,Watch,High,Civil Lines: One civic signal is showing unusual activity. Observed signals: traffic delay is unusually high (12.1 min). Civic Pulse Score: 27/100. These signals are temporally associated; the system does not infer causation.,No major signal is currently contributing to the Civic Pulse Score.
2026-09-24 16:50:00,Durgapura,26.8547,75.805,2.41,4.845,46.370000000000005,0.0,7.769502941682116,43.51061033730627,30.878408501044873,29.0,Moderate Activity,1,Watch,High,Durgapura: One civic signal is showing unusual activity. Observed signals: traffic delay is unusually high (4.8 min). Civic Pulse Score: 29/100. These signals are temporally associated; the system does not infer causation.,🚗 Traffic disruption is elevated (score 44/100).
2026-09-24 16:50:00,Jagatpura,26.839,75.826,0.0,8.05,45.925,0.0,22.49909655391326,17.316493064463746,24.12933417611194,20.9,Moderate Activity,0,Normal,High,Jagatpura is currently showing mostly normal civic conditions. The Civic Pulse Score is 21/100.,No major signal is currently contributing to the Civic Pulse Score.
2026-09-24 16:50:00,Malviya Nagar,26.8508,75.806,29.12,26.46,71.195,16.0,41.61914552876062,21.591078081258228,37.27290922537986,32.3,Moderate Activity,1,Watch,High,Malviya Nagar: One civic signal is showing unusual activity. Observed signals: rainfall is unusually high (29.1 mm). Civic Pulse Score: 32/100. These signals are temporally associated; the system does not infer causation.,🌧️ Weather activity is elevated (score 42/100).
2026-09-24 16:50:00,Mansarovar,26.85,75.763,2.17,7.15,32.275000000000006,1.0,5.4072733518024565,10.663320899348461,0.0,5.9,Normal,0,Normal,High,Mansarovar is currently showing mostly normal civic conditions. The Civic Pulse Score is 6/100.,No major signal is currently contributing to the Civic Pulse Score.
2026-09-24 16:50:00,Pratap Nagar,26.815,75.829,4.15,11.085,29.29,3.0,31.681006828582756,16.791657518258454,42.76251248702933,29.0,Moderate Activity,1,Watch,High,Pratap Nagar: One civic signal is showing unusual activity. Observed signals: civic incidents are elevated (3). Civic Pulse Score: 29/100. These signals are temporally associated; the system does not infer causation.,🚨 Civic incidents are elevated (score 43/100).
2026-09-24 16:50:00,Raja Park,26.9,75.822,0.0,10.52,27.475,1.0,27.231166875489336,26.303728899424073,2.7907634725949526,19.5,Normal,0,Normal,High,Raja Park is currently showing mostly normal civic conditions. The Civic Pulse Score is 20/100.,No major signal is currently contributing to the Civic Pulse Score.
2026-09-24 16:50:00,Sanganer,26.8197,75.769,1.08,7.36,27.830000000000002,0.0,15.121077249372624,6.784218776718955,15.701002261327897,12.0,Normal,0,Normal,High,Sanganer is currently showing mostly normal civic conditions. The Civic Pulse Score is 12/100.,No major signal is currently contributing to the Civic Pulse Score.
2026-09-24 16:50:00,Vaishali Nagar,26.9124,75.7485,0.71,9.235,38.565,2.0,12.869929911519886,9.843393436252741,7.603074030622313,10.1,Normal,0,Normal,High,Vaishali Nagar is currently showing mostly normal civic conditions. The Civic Pulse Score is 10/100.,No major signal is currently contributing to the Civic Pulse Score.
2026-09-24 17:00:00,C-Scheme,26.9118,75.795,3.13,9.7,42.129999999999995,4.0,11.244908085620544,28.337788000076483,35.02531273680839,25.2,Moderate Activity,1,Watch,High,C-Scheme: One civic signal is showing unusual activity. Observed signals: traffic congestion is unusually high (42%). Civic Pulse Score: 25/100. These signals are temporally associated; the system does not infer causation.,No major signal is currently contributing to the Civic Pulse Score.
2026-09-24 17:00:00,Civil Lines,26.9075,75.787,0.0,6.390000000000001,27.545,2.0,31.86194379907539,15.7884145933761,13.526327956752295,19.9,Normal,0,Normal,High,Civil Lines is currently showing mostly normal civic conditions. The Civic Pulse Score is 20/100.,No major signal is currently contributing to the Civic Pulse Score.
2026-09-24 17:00:00,Durgapura,26.8547,75.805,0.59,12.515,29.54,1.0,33.603471089994,36.485496359632194,13.744092318710798,28.8,Moderate Activity,1,Watch,High,Durgapura: One civic signal is showing unusual activity. Observed signals: traffic delay is unusually high (12.5 min). Civic Pulse Score: 29/100. These signals are temporally associated; the system does not infer causation.,No major signal is currently contributing to the Civic Pulse Score.
2026-09-24 17:00:00,Jagatpura,26.839,75.826,3.41,3.885,36.28,0.0,14.066735220220387,35.66975132174799,20.45495039686214,24.6,Moderate Activity,1,Watch,High,Jagatpura: One civic signal is showing unusual activity. Observed signals: traffic delay is unusually high (3.9 min). Civic Pulse Score: 25/100. These signals are temporally associated; the system does not infer causation.,No major signal is currently contributing to the Civic Pulse Score.
2026-09-24 17:00:00,Malviya Nagar,26.8508,75.806,34.97,15.395,44.199999999999996,5.0,43.06487490313045,8.751804825219587,2.4433622326917033,17.2,Normal,1,Watch,High,Malviya Nagar: One civic signal is showing unusual activity. Observed signals: rainfall is unusually high (35.0 mm). Civic Pulse Score: 17/100. These signals are temporally associated; the system does not infer causation.,🌧️ Weather activity is elevated (score 43/100).
2026-09-24 17:00:00,Mansarovar,26.85,75.763,0.86,7.38,34.785000000000004,0.0,14.580828887154485,5.808156695778441,27.043510928556596,14.8,Normal,0,Normal,High,Mansarovar is currently showing mostly normal civic conditions. The Civic Pulse Score is 15/100.,No major signal is currently contributing to the Civic Pulse Score.
2026-09-24 17:00:00,Pratap Nagar,26.815,75.829,2.34,12.535,29.845,0.0,5.192162002809829,21.860046137194786,33.12962172864721,20.2,Moderate Activity,0,Normal,High,Pratap Nagar is currently showing mostly normal civic conditions. The Civic Pulse Score is 20/100.,No major signal is currently contributing to the Civic Pulse Score.
2026-09-24 17:00:00,Raja Park,26.9,75.822,1.02,5.404999999999999,27.4,4.0,8.907978527886163,14.902241042637463,48.28032649044083,23.1,Moderate Activity,1,Watch,High,Raja Park: One civic signal is showing unusual activity. Observed signals: civic incidents are elevated (4). Civic Pulse Score: 23/100. These signals are temporally associated; the system does not infer causation.,🚨 Civic incidents are elevated (score 48/100).
2026-09-24 17:00:00,Sanganer,26.8197,75.769,1.63,8.4,38.269999999999996,2.0,6.982986173895528,9.76692229721509,14.132142689802297,10.2,Normal,0,Normal,High,Sanganer is currently showing mostly normal civic conditions. The Civic Pulse Score is 10/100.,No major signal is currently contributing to the Civic Pulse Score.
2026-09-24 17:00:00,Vaishali Nagar,26.9124,75.7485,4.55,5.655,43.755,0.0,29.73569750284681,22.896656621716744,41.629320822602864,30.6,Moderate Activity,1,Watch,High,Vaishali Nagar: One civic signal is showing unusual activity. Observed signals: civic incidents are elevated (0). Civic Pulse Score: 31/100. These signals are temporally associated; the system does not infer causation.,🚨 Civic incidents are elevated (score 42/100).
2026-09-24 17:10:00,C-Scheme,26.9118,75.795,3.72,9.52,41.285,1.0,23.161889635773033,23.25378322388535,10.903756327695186,19.5,Normal,0,Normal,High,C-Scheme is currently showing mostly normal civic conditions. The Civic Pulse Score is 20/100.,No major signal is currently contributing to the Civic Pulse Score.
2026-09-24 17:10:00,Civil Lines,26.9075,75.787,0.26,7.5600000000000005,36.230000000000004,2.0,24.448263919750094,0.7095091152890111,11.699367335540032,11.1,Normal,0,Normal,High,Civil Lines is currently showing mostly normal civic conditions. The Civic Pulse Score is 11/100.,No major signal is currently contributing to the Civic Pulse Score.
2026-09-24 17:10:00,Durgapura,26.8547,75.805,2.16,8.600000000000001,36.715,1.0,7.416474228754481,7.947812729376292,13.744092318710798,9.5,Normal,0,Normal,High,Durgapura is currently showing mostly normal civic conditions. The Civic Pulse Score is 10/100.,No major signal is currently contributing to the Civic Pulse Score.
2026-09-24 17:10:00,Jagatpura,26.839,75.826,3.78,7.140000000000001,40.545,0.0,21.5989556299861,11.742094363711415,17.437453856018998,16.4,Normal,0,Normal,High,Jagatpura is currently showing mostly normal civic conditions. The Civic Pulse Score is 16/100.,No major signal is currently contributing to the Civic Pulse Score.
2026-09-24 17:10:00,Malviya Nagar,26.8508,75.806,0.0,7.49,35.155,1.0,22.245704133937238,23.499559587475893,14.771238789837582,20.5,Moderate Activity,0,Normal,High,Malviya Nagar is currently showing mostly normal civic conditions. The Civic Pulse Score is 20/100.,No major signal is currently contributing to the Civic Pulse Score.
2026-09-24 17:10:00,Mansarovar,26.85,75.763,0.0,8.52,41.315,0.0,27.14279237249402,12.051806833770097,27.043510928556596,21.1,Moderate Activity,0,Normal,High,Mansarovar is currently showing mostly normal civic conditions. The Civic Pulse Score is 21/100.,No major signal is currently contributing to the Civic Pulse Score.
2026-09-24 17:10:00,Pratap Nagar,26.815,75.829,1.31,8.22,28.54,1.0,8.618447670550667,12.0206978770184,11.043207242882403,10.7,Normal,0,Normal,High,Pratap Nagar is currently showing mostly normal civic conditions. The Civic Pulse Score is 11/100.,No major signal is currently contributing to the Civic Pulse Score.
2026-09-24 17:10:00,Raja Park,26.9,75.822,1.13,10.245,35.599999999999994,4.0,4.8578191468278185,17.779817675580198,48.28032649044083,23.1,Moderate Activity,1,Watch,High,Raja Park: One civic signal is showing unusual activity. Observed signals: civic incidents are elevated (4). Civic Pulse Score: 23/100. These signals are temporally associated; the system does not infer causation.,🚨 Civic incidents are elevated (score 48/100).
2026-09-24 17:10:00,Sanganer,26.8197,75.769,3.94,9.57,41.865,2.0,18.229437526787503,24.056750112168285,12.692912014769535,18.9,Normal,0,Normal,High,Sanganer is currently showing mostly normal civic conditions. The Civic Pulse Score is 19/100.,No major signal is currently contributing to the Civic Pulse Score.
2026-09-24 17:10:00,Vaishali Nagar,26.9124,75.7485,2.72,6.095000000000001,41.25,0.0,7.812780481495927,17.250250593924218,33.4631316753015,19.3,Normal,0,Normal,High,Vaishali Nagar is currently showing mostly normal civic conditions. The Civic Pulse Score is 19/100.,No major signal is currently contributing to the Civic Pulse Score.
2026-09-24 17:20:00,C-Scheme,26.9118,75.795,3.72,7.34,28.89,1.0,20.76728813004666,15.79799285033191,10.903756327695186,15.8,Normal,0,Normal,High,C-Scheme is currently showing mostly normal civic conditions. The Civic Pulse Score is 16/100.,No major signal is currently contributing to the Civic Pulse Score.
2026-09-24 17:20:00,Civil Lines,26.9075,75.787,0.26,9.145,38.394999999999996,2.0,20.637070194577593,9.109763663581445,9.990009990009982,12.8,Normal,0,Normal,High,Civil Lines is currently showing mostly normal civic conditions. The Civic Pulse Score is 13/100.,No major signal is currently contributing to the Civic Pulse Score.
2026-09-24 17:20:00,Durgapura,26.8547,75.805,2.16,6.84,38.6,2.0,6.7493277129964415,14.918977801535473,1.0273139872037762,8.3,Normal,0,Normal,High,Durgapura is currently showing mostly normal civic conditions. The Civic Pulse Score is 8/100.,No major signal is currently contributing to the Civic Pulse Score.
2026-09-24 17:20:00,Jagatpura,26.839,75.826,3.78,8.205,37.32,0.0,21.577796488178276,5.657415045635366,14.821405125964153,13.2,Normal,0,Normal,High,Jagatpura is currently showing mostly normal civic conditions. The Civic Pulse Score is 13/100.,No major signal is currently contributing to the Civic Pulse Score.
2026-09-24 17:20:00,Malviya Nagar,26.8508,75.806,0.0,9.03,28.424999999999997,3.0,21.78396635246463,25.214761570829722,8.541342471419274,19.2,Normal,0,Normal,High,Malviya Nagar is currently showing mostly normal civic conditions. The Civic Pulse Score is 19/100.,No major signal is currently contributing to the Civic Pulse Score.
2026-09-24 17:20:00,Mansarovar,26.85,75.763,0.0,9.645,29.630000000000003,1.0,25.605912949405834,20.53832830889469,2.0991782955814724,16.5,Normal,0,Normal,High,Mansarovar is currently showing mostly normal civic conditions. The Civic Pulse Score is 16/100.,No major signal is currently contributing to the Civic Pulse Score.
2026-09-24 17:20:00,Pratap Nagar,26.815,75.829,1.31,7.895,29.98,1.0,9.385415327703523,10.613313124904813,11.043207242882403,10.4,Normal,0,Normal,High,Pratap Nagar is currently showing mostly normal civic conditions. The Civic Pulse Score is 10/100.,No major signal is currently contributing to the Civic Pulse Score.
2026-09-24 17:20:00,Raja Park,26.9,75.822,1.13,8.254999999999999,47.155,1.0,4.700900819455488,19.658029168103496,8.88975469646229,11.9,Normal,0,Normal,High,Raja Park is currently showing mostly normal civic conditions. The Civic Pulse Score is 12/100.,No major signal is currently contributing to the Civic Pulse Score.
2026-09-24 17:20:00,Sanganer,26.8197,75.769,3.94,10.955,44.075,2.0,19.468477361878,32.412509670082116,10.539435219830008,22.0,Moderate Activity,0,Normal,High,Sanganer is currently showing mostly normal civic conditions. The Civic Pulse Score is 22/100.,No major signal is currently contributing to the Civic Pulse Score.
2026-09-24 17:20:00,Vaishali Nagar,26.9124,75.7485,2.72,6.18,35.325,2.0,6.182567023988098,9.147944493402019,1.1066534879723613,5.8,Normal,0,Normal,High,Vaishali Nagar is currently showing mostly normal civic conditions. The Civic Pulse Score is 6/100.,No major signal is currently contributing to the Civic Pulse Score.
2026-09-24 17:30:00,C-Scheme,26.9118,75.795,3.21,8.96,32.415,0.0,11.142361547835574,7.67807548204895,26.53972512179084,14.4,Normal,0,Normal,High,C-Scheme is currently showing mostly normal civic conditions. The Civic Pulse Score is 14/100.,No major signal is currently contributing to the Civic Pulse Score.
2026-09-24 17:30:00,Civil Lines,26.9075,75.787,0.23,8.004999999999999,34.485,2.0,17.84341774070555,3.315342533848992,8.35669095395717,9.2,Normal,0,Normal,High,Civil Lines is currently showing mostly normal civic conditions. The Civic Pulse Score is 9/100.,No major signal is currently contributing to the Civic Pulse Score.
2026-09-24 17:30:00,Durgapura,26.8547,75.805,1.31,5.61,39.93,3.0,16.85453935636177,21.149984503730266,20.454950396862152,19.7,Normal,0,Normal,High,Durgapura is currently showing mostly normal civic conditions. The Civic Pulse Score is 20/100.,No major signal is currently contributing to the Civic Pulse Score.
2026-09-24 17:30:00,Jagatpura,26.839,75.826,2.31,21.845,59.45,10.0,5.116564194345691,100.0,100.0,71.5,High Activity,3,Critical,High,"Jagatpura: Several civic signals are simultaneously unusual. Observed signals: traffic delay is unusually high (21.8 min), traffic congestion is unusually high (59%), civic incidents are elevated (10). Civic Pulse Score: 72/100. These signals are temporally associated; the system does not infer causation.",🚗 Traffic disruption is elevated (score 100/100). 🚨 Civic incidents are elevated (score 100/100).
2026-09-24 17:30:00,Malviya Nagar,26.8508,75.806,0.39,9.934999999999999,48.855,1.0,20.728232747922316,12.16139121029509,15.124064977098453,15.6,Normal,0,Normal,High,Malviya Nagar is currently showing mostly normal civic conditions. The Civic Pulse Score is 16/100.,No major signal is currently contributing to the Civic Pulse Score.
2026-09-24 17:30:00,Mansarovar,26.85,75.763,3.19,7.89,32.519999999999996,1.0,19.78576998794798,8.91424680007119,0.0,9.5,Normal,0,Normal,High,Mansarovar is currently showing mostly normal civic conditions. The Civic Pulse Score is 10/100.,No major signal is currently contributing to the Civic Pulse Score.
2026-09-24 17:30:00,Pratap Nagar,26.815,75.829,1.58,8.57,38.775000000000006,2.0,6.274210988803576,13.702495738102145,11.043207242882403,10.7,Normal,0,Normal,High,Pratap Nagar is currently showing mostly normal civic conditions. The Civic Pulse Score is 11/100.,No major signal is currently contributing to the Civic Pulse Score.
2026-09-24 17:30:00,Raja Park,26.9,75.822,1.72,9.84,32.165,1.0,4.246747454143141,13.352122149558788,10.823258349531793,9.9,Normal,0,Normal,High,Raja Park is currently showing mostly normal civic conditions. The Civic Pulse Score is 10/100.,No major signal is currently contributing to the Civic Pulse Score.
2026-09-24 17:30:00,Sanganer,26.8197,75.769,2.82,10.17,28.79,1.0,7.822094203290443,25.01867456227849,6.038847023587655,14.2,Normal,0,Normal,High,Sanganer is currently showing mostly normal civic conditions. The Civic Pulse Score is 14/100.,No major signal is currently contributing to the Civic Pulse Score.
2026-09-24 17:30:00,Vaishali Nagar,26.9124,75.7485,4.18,9.555,41.69,0.0,19.54016646173352,16.86783098061242,27.778696308503207,20.9,Moderate Activity,0,Normal,High,Vaishali Nagar is currently showing mostly normal civic conditions. The Civic Pulse Score is 21/100.,No major signal is currently contributing to the Civic Pulse Score.
2026-09-24 17:40:00,C-Scheme,26.9118,75.795,3.43,10.445,35.1,1.0,12.624557595674801,16.9490568698726,12.692912014769535,14.4,Normal,0,Normal,High,C-Scheme is currently showing mostly normal civic conditions. The Civic Pulse Score is 14/100.,No major signal is currently contributing to the Civic Pulse Score.
2026-09-24 17:40:00,Civil Lines,26.9075,75.787,2.77,9.34,34.875,1.0,11.119756829132978,8.727989771172671,17.30053114306361,12.0,Normal,0,Normal,High,Civil Lines is currently showing mostly normal civic conditions. The Civic Pulse Score is 12/100.,No major signal is currently contributing to the Civic Pulse Score.
2026-09-24 17:40:00,Durgapura,26.8547,75.805,3.43,5.635,26.405,0.0,9.579801959609123,21.035621874621437,33.1296217286473,21.2,Moderate Activity,0,Normal,High,Durgapura is currently showing mostly normal civic conditions. The Civic Pulse Score is 21/100.,No major signal is currently contributing to the Civic Pulse Score.
2026-09-24 17:40:00,Jagatpura,26.839,75.826,0.51,22.46,52.855000000000004,9.0,18.139076747289945,47.83246209211831,49.978268497696625,39.6,Moderate Activity,2,Elevated,High,"Jagatpura: Multiple civic signals are showing unusual activity. Observed signals: traffic delay is unusually high (22.5 min), civic incidents are elevated (9). Civic Pulse Score: 40/100. These signals are temporally associated; the system does not infer causation.",🚗 Traffic disruption is elevated (score 48/100). 🚨 Civic incidents are elevated (score 50/100).
2026-09-24 17:40:00,Malviya Nagar,26.8508,75.806,1.65,7.8100000000000005,44.67,2.0,18.66010976114762,18.09917383938705,12.539510776156725,16.6,Normal,0,Normal,High,Malviya Nagar is currently showing mostly normal civic conditions. The Civic Pulse Score is 17/100.,No major signal is currently contributing to the Civic Pulse Score.
2026-09-24 17:40:00,Mansarovar,26.85,75.763,0.44,9.209999999999999,45.97,2.0,18.153880209257515,24.069399990497455,27.043510928556596,23.2,Moderate Activity,0,Normal,High,Mansarovar is currently showing mostly normal civic conditions. The Civic Pulse Score is 23/100.,No major signal is currently contributing to the Civic Pulse Score.
2026-09-24 17:40:00,Pratap Nagar,26.815,75.829,5.58,5.82,26.94,2.0,51.86404520864709,24.176737400912963,9.245528238561674,28.0,Moderate Activity,1,Watch,High,Pratap Nagar: One civic signal is showing unusual activity. Observed signals: rainfall is unusually high (5.6 mm). Civic Pulse Score: 28/100. These signals are temporally associated; the system does not infer causation.,🌧️ Weather activity is elevated (score 52/100).
2026-09-24 17:40:00,Raja Park,26.9,75.822,2.87,11.69,40.56,3.0,41.33013292085498,25.557509455289065,22.828982386588667,29.5,Moderate Activity,1,Watch,High,Raja Park: One civic signal is showing unusual activity. Observed signals: rainfall is unusually high (2.9 mm). Civic Pulse Score: 30/100. These signals are temporally associated; the system does not infer causation.,🌧️ Weather activity is elevated (score 41/100).
2026-09-24 17:40:00,Sanganer,26.8197,75.769,2.61,8.35,34.57,0.0,4.239539612569977,4.341387771498798,19.440755083668375,8.8,Normal,0,Normal,High,Sanganer is currently showing mostly normal civic conditions. The Civic Pulse Score is 9/100.,No major signal is currently contributing to the Civic Pulse Score.
2026-09-24 17:40:00,Vaishali Nagar,26.9124,75.7485,0.0,6.685,42.84,1.0,28.028646285560864,14.103955149566374,8.889754696462292,16.7,Normal,0,Normal,High,Vaishali Nagar is currently showing mostly normal civic conditions. The Civic Pulse Score is 17/100.,No major signal is currently contributing to the Civic Pulse Score.
2026-09-24 17:50:00,C-Scheme,26.9118,75.795,3.43,9.54,41.9,0.0,10.376447032395264,19.328413373467136,26.539725121790845,18.8,Normal,0,Normal,High,C-Scheme is currently showing mostly normal civic conditions. The Civic Pulse Score is 19/100.,No major signal is currently contributing to the Civic Pulse Score.
2026-09-24 17:50:00,Civil Lines,26.9075,75.787,2.77,7.155,35.93,3.0,9.674711086810161,5.171727686964837,28.83421857177268,13.6,Normal,0,Normal,High,Civil Lines is currently showing mostly normal civic conditions. The Civic Pulse Score is 14/100.,No major signal is currently contributing to the Civic Pulse Score.
2026-09-24 17:50:00,Durgapura,26.8547,75.805,3.43,9.379999999999999,42.305,3.0,10.789630594797334,19.691597211264057,31.755425625037326,20.6,Moderate Activity,0,Normal,High,Durgapura is currently showing mostly normal civic conditions. The Civic Pulse Score is 21/100.,No major signal is currently contributing to the Civic Pulse Score.
2026-09-24 17:50:00,Jagatpura,26.839,75.826,0.51,23.6,63.95,9.0,17.424235662144042,49.429797642295355,37.26939030432348,36.2,Moderate Activity,2,Elevated,High,"Jagatpura: Multiple civic signals are showing unusual activity. Observed signals: traffic delay is unusually high (23.6 min), traffic congestion is unusually high (64%). Civic Pulse Score: 36/100. These signals are temporally associated; the system does not infer causation.",🚗 Traffic disruption is elevated (score 49/100).
2026-09-24 17:50:00,Malviya Nagar,26.8508,75.806,1.65,6.645,26.14,1.0,18.218920956890877,29.28775767883513,16.409203133064146,22.1,Moderate Activity,0,Normal,High,Malviya Nagar is currently showing mostly normal civic conditions. The Civic Pulse Score is 22/100.,No major signal is currently contributing to the Civic Pulse Score.
2026-09-24 17:50:00,Mansarovar,26.85,75.763,0.44,8.915,29.255000000000003,6.0,16.985236469844903,13.842856731106345,100.0,40.6,Elevated Activity,1,Watch,High,Mansarovar: One civic signal is showing unusual activity. Observed signals: civic incidents are elevated (6). Civic Pulse Score: 41/100. These signals are temporally associated; the system does not infer causation.,🚨 Civic incidents are elevated (score 100/100).
2026-09-24 17:50:00,Pratap Nagar,26.815,75.829,5.58,7.4,40.760000000000005,3.0,38.155122589553784,24.956756324559812,37.559906397247694,32.7,Moderate Activity,0,Normal,High,Pratap Nagar is currently showing mostly normal civic conditions. The Civic Pulse Score is 33/100.,No major signal is currently contributing to the Civic Pulse Score.
2026-09-24 17:50:00,Raja Park,26.9,75.822,2.87,6.805,25.695,1.0,32.468409913379105,18.094465816972402,13.953817362974753,21.2,Moderate Activity,0,Normal,High,Raja Park is currently showing mostly normal civic conditions. The Civic Pulse Score is 21/100.,No major signal is currently contributing to the Civic Pulse Score.
2026-09-24 17:50:00,Sanganer,26.8197,75.769,2.61,9.94,34.1,0.0,5.707997597210119,12.738731920836965,17.565725366383344,12.1,Normal,0,Normal,High,Sanganer is currently showing mostly normal civic conditions. The Civic Pulse Score is 12/100.,No major signal is currently contributing to the Civic Pulse Score.
2026-09-24 17:50:00,Vaishali Nagar,26.9124,75.7485,0.0,6.885,29.099999999999998,1.0,27.4945476577062,21.747661975062506,8.889754696462292,19.6,Normal,0,Normal,High,Vaishali Nagar is currently showing mostly normal civic conditions. The Civic Pulse Score is 20/100.,No major signal is currently contributing to the Civic Pulse Score.
2026-09-24 18:00:00,C-Scheme,26.9118,75.795,2.99,7.58,45.17,0.0,5.4523430944965945,25.166981553598077,22.24487316434585,18.4,Normal,0,Normal,High,C-Scheme is currently showing mostly normal civic conditions. The Civic Pulse Score is 18/100.,No major signal is currently contributing to the Civic Pulse Score.
2026-09-24 18:00:00,Civil Lines,26.9075,75.787,3.98,6.98,32.82,2.0,21.706927538070854,8.477539715563482,1.849105647712332,10.5,Normal,0,Normal,High,Civil Lines is currently showing mostly normal civic conditions. The Civic Pulse Score is 10/100.,No major signal is currently contributing to the Civic Pulse Score.
2026-09-24 18:00:00,Durgapura,26.8547,75.805,3.39,6.195,40.03,3.0,11.525015580329612,13.86037127815184,26.12270781899064,16.8,Normal,0,Normal,High,Durgapura is currently showing mostly normal civic conditions. The Civic Pulse Score is 17/100.,No major signal is currently contributing to the Civic Pulse Score.
2026-09-24 18:00:00,Jagatpura,26.839,75.826,1.76,22.62,58.42,5.0,2.4574972931216434,30.522066681793085,9.941190227753365,15.9,Normal,0,Normal,High,Jagatpura is currently showing mostly normal civic conditions. The Civic Pulse Score is 16/100.,No major signal is currently contributing to the Civic Pulse Score.
2026-09-24 18:00:00,Malviya Nagar,26.8508,75.806,2.76,8.105,28.88,3.0,16.098424958614583,24.452188841708203,10.647609652265071,17.8,Normal,0,Normal,High,Malviya Nagar is currently showing mostly normal civic conditions. The Civic Pulse Score is 18/100.,No major signal is currently contributing to the Civic Pulse Score.
2026-09-24 18:00:00,Mansarovar,26.85,75.763,1.61,10.145,27.03,1.0,0.5575025745088333,25.37844576383161,6.378775909728738,12.2,Normal,0,Normal,High,Mansarovar is currently showing mostly normal civic conditions. The Civic Pulse Score is 12/100.,No major signal is currently contributing to the Civic Pulse Score.
2026-09-24 18:00:00,Pratap Nagar,26.815,75.829,1.3,13.015,34.21,1.0,13.167768877924024,25.1963089813992,15.004448291160578,18.5,Normal,1,Watch,High,Pratap Nagar: One civic signal is showing unusual activity. Observed signals: traffic delay is unusually high (13.0 min). Civic Pulse Score: 18/100. These signals are temporally associated; the system does not infer causation.,No major signal is currently contributing to the Civic Pulse Score.
2026-09-24 18:00:00,Raja Park,26.9,75.822,1.91,6.25,33.565,0.0,7.036700744178727,8.77249370243687,28.772694461469044,14.3,Normal,0,Normal,High,Raja Park is currently showing mostly normal civic conditions. The Civic Pulse Score is 14/100.,No major signal is currently contributing to the Civic Pulse Score.
2026-09-24 18:00:00,Sanganer,26.8197,75.769,2.88,8.485,29.445,2.0,10.809745972254127,9.716532915321263,10.539435219830008,10.3,Normal,0,Normal,High,Sanganer is currently showing mostly normal civic conditions. The Civic Pulse Score is 10/100.,No major signal is currently contributing to the Civic Pulse Score.
2026-09-24 18:00:00,Vaishali Nagar,26.9124,75.7485,4.14,8.225,46.489999999999995,0.0,16.091173777814088,15.994468730914805,24.12933417611194,18.5,Normal,0,Normal,High,Vaishali Nagar is currently showing mostly normal civic conditions. The Civic Pulse Score is 18/100.,No major signal is currently contributing to the Civic Pulse Score.
2026-09-24 18:10:00,C-Scheme,26.9118,75.795,4.3,10.175,34.025,3.0,44.582455870123894,14.177150192437226,17.795898531476677,24.4,Moderate Activity,1,Watch,High,C-Scheme: One civic signal is showing unusual activity. Observed signals: rainfall is unusually high (4.3 mm). Civic Pulse Score: 24/100. These signals are temporally associated; the system does not infer causation.,🌧️ Weather activity is elevated (score 45/100).
2026-09-24 18:10:00,Civil Lines,26.9075,75.787,2.0,7.99,31.735,0.0,4.005437611524211,5.882527737490969,42.529429897383665,16.3,Normal,1,Watch,High,Civil Lines: One civic signal is showing unusual activity. Observed signals: civic incidents are elevated (0). Civic Pulse Score: 16/100. These signals are temporally associated; the system does not infer causation.,🚨 Civic incidents are elevated (score 43/100).
2026-09-24 18:10:00,Durgapura,26.8547,75.805,1.42,7.92,34.230000000000004,3.0,19.798707237327854,2.8501460806280923,23.074028073106113,14.0,Normal,0,Normal,High,Durgapura is currently showing mostly normal civic conditions. The Civic Pulse Score is 14/100.,No major signal is currently contributing to the Civic Pulse Score.
2026-09-24 18:10:00,Jagatpura,26.839,75.826,2.88,25.555,53.629999999999995,7.0,9.984587983374418,25.32712279361325,18.17653839730854,18.6,Normal,0,Normal,High,Jagatpura is currently showing mostly normal civic conditions. The Civic Pulse Score is 19/100.,No major signal is currently contributing to the Civic Pulse Score.
2026-09-24 18:10:00,Malviya Nagar,26.8508,75.806,4.5,11.015,34.805,3.0,12.349031965539936,14.354729123721599,8.431497221386094,12.0,Normal,0,Normal,High,Malviya Nagar is currently showing mostly normal civic conditions. The Civic Pulse Score is 12/100.,No major signal is currently contributing to the Civic Pulse Score.
2026-09-24 18:10:00,Mansarovar,26.85,75.763,2.67,6.11,29.67,1.0,19.942923346532552,27.572253225626,6.378775909728738,18.9,Normal,0,Normal,High,Mansarovar is currently showing mostly normal civic conditions. The Civic Pulse Score is 19/100.,No major signal is currently contributing to the Civic Pulse Score.
2026-09-24 18:10:00,Pratap Nagar,26.815,75.829,1.71,11.75,34.019999999999996,1.0,7.118399938372876,14.406784261890708,15.004448291160578,12.4,Normal,0,Normal,High,Pratap Nagar is currently showing mostly normal civic conditions. The Civic Pulse Score is 12/100.,No major signal is currently contributing to the Civic Pulse Score.
2026-09-24 18:10:00,Raja Park,26.9,75.822,4.62,8.185,14.870000000000001,0.0,61.66506232970896,25.566459303746484,25.56868799607766,36.4,Moderate Activity,2,Elevated,High,"Raja Park: Multiple civic signals are showing unusual activity. Observed signals: rainfall is unusually high (4.6 mm), traffic congestion is unusually high (15%). Civic Pulse Score: 36/100. These signals are temporally associated; the system does not infer causation.",🌧️ Weather activity is elevated (score 62/100).
2026-09-24 18:10:00,Sanganer,26.8197,75.769,3.18,8.51,32.725,1.0,12.58222260362895,2.6360507561975135,6.038847023587655,6.6,Normal,0,Normal,High,Sanganer is currently showing mostly normal civic conditions. The Civic Pulse Score is 7/100.,No major signal is currently contributing to the Civic Pulse Score.
2026-09-24 18:10:00,Vaishali Nagar,26.9124,75.7485,0.06,4.745,33.89,0.0,27.969712798646142,25.520149295620442,20.45495039686213,24.7,Moderate Activity,0,Normal,High,Vaishali Nagar is currently showing mostly normal civic conditions. The Civic Pulse Score is 25/100.,No major signal is currently contributing to the Civic Pulse Score.
2026-09-24 18:20:00,C-Scheme,26.9118,75.795,4.3,9.649999999999999,47.364999999999995,1.0,34.63411862933816,22.771357240556902,10.903756327695186,22.8,Moderate Activity,0,Normal,High,C-Scheme is currently showing mostly normal civic conditions. The Civic Pulse Score is 23/100.,No major signal is currently contributing to the Civic Pulse Score.
2026-09-24 18:20:00,Civil Lines,26.9075,75.787,2.0,7.72,29.235,0.0,3.2917492113573004,11.464697715896817,35.569100231367,16.2,Normal,0,Normal,High,Civil Lines is currently showing mostly normal civic conditions. The Civic Pulse Score is 16/100.,No major signal is currently contributing to the Civic Pulse Score.
2026-09-24 18:20:00,Durgapura,26.8547,75.805,1.42,8.62,25.89,3.0,17.30467579925309,16.84428609839872,20.55192461533505,18.1,Normal,0,Normal,High,Durgapura is currently showing mostly normal civic conditions. The Civic Pulse Score is 18/100.,No major signal is currently contributing to the Civic Pulse Score.
2026-09-24 18:20:00,Jagatpura,26.839,75.826,2.88,26.48,55.235,7.0,11.725035683780673,23.27162399593081,16.35569001072755,17.7,Normal,0,Normal,High,Jagatpura is currently showing mostly normal civic conditions. The Civic Pulse Score is 18/100.,No major signal is currently contributing to the Civic Pulse Score.
2026-09-24 18:20:00,Malviya Nagar,26.8508,75.806,4.5,10.575,34.22,0.0,10.879829838960827,12.68903263427378,17.86283841558255,13.7,Normal,0,Normal,High,Malviya Nagar is currently showing mostly normal civic conditions. The Civic Pulse Score is 14/100.,No major signal is currently contributing to the Civic Pulse Score.
2026-09-24 18:20:00,Mansarovar,26.85,75.763,2.67,7.9,26.375,3.0,17.23266801422564,14.507024618620024,19.136327729186213,16.7,Normal,0,Normal,High,Mansarovar is currently showing mostly normal civic conditions. The Civic Pulse Score is 17/100.,No major signal is currently contributing to the Civic Pulse Score.
2026-09-24 18:20:00,Pratap Nagar,26.815,75.829,1.71,11.89,39.97,1.0,9.183208119354825,24.801417070667846,15.004448291160578,17.2,Normal,0,Normal,High,Pratap Nagar is currently showing mostly normal civic conditions. The Civic Pulse Score is 17/100.,No major signal is currently contributing to the Civic Pulse Score.
2026-09-24 18:20:00,Raja Park,26.9,75.822,4.62,5.3,31.775,4.0,43.44880557189071,15.774568515521597,35.02531273680839,29.9,Moderate Activity,1,Watch,High,Raja Park: One civic signal is showing unusual activity. Observed signals: rainfall is unusually high (4.6 mm). Civic Pulse Score: 30/100. These signals are temporally associated; the system does not infer causation.,🌧️ Weather activity is elevated (score 43/100).
2026-09-24 18:20:00,Sanganer,26.8197,75.769,3.18,9.469999999999999,36.4,0.0,10.119978343291368,9.700033553938663,20.53207988019802,13.1,Normal,0,Normal,High,Sanganer is currently showing mostly normal civic conditions. The Civic Pulse Score is 13/100.,No major signal is currently contributing to the Civic Pulse Score.
2026-09-24 18:20:00,Vaishali Nagar,26.9124,75.7485,0.06,8.515,49.18,2.0,23.61414894458674,21.459972577572366,11.047273820691437,19.0,Normal,0,Normal,High,Vaishali Nagar is currently showing mostly normal civic conditions. The Civic Pulse Score is 19/100.,No major signal is currently contributing to the Civic Pulse Score.
2026-09-24 18:30:00,C-Scheme,26.9118,75.795,2.51,6.16,30.740000000000002,0.0,26.496393187962624,29.601529504098202,22.24487316434585,26.5,Moderate Activity,1,Watch,High,C-Scheme: One civic signal is showing unusual activity. Observed signals: traffic delay is unusually high (6.2 min). Civic Pulse Score: 26/100. These signals are temporally associated; the system does not infer causation.,No major signal is currently contributing to the Civic Pulse Score.
2026-09-24 18:30:00,Civil Lines,26.9075,75.787,3.06,11.215,28.27,0.0,9.484780279843294,33.0958446209459,30.723844130280508,25.3,Moderate Activity,0,Normal,High,Civil Lines is currently showing mostly normal civic conditions. The Civic Pulse Score is 25/100.,No major signal is currently contributing to the Civic Pulse Score.
2026-09-24 18:30:00,Durgapura,26.8547,75.805,1.97,6.665,38.0,1.0,3.953165980022053,8.211553683742675,12.33115476920103,8.2,Normal,0,Normal,High,Durgapura is currently showing mostly normal civic conditions. The Civic Pulse Score is 8/100.,No major signal is currently contributing to the Civic Pulse Score.
2026-09-24 18:30:00,Jagatpura,26.839,75.826,1.54,15.73,44.61,7.0,3.6134827839373314,3.0276333930331703,14.072563465565286,6.5,Normal,0,Normal,High,Jagatpura is currently showing mostly normal civic conditions. The Civic Pulse Score is 6/100.,No major signal is currently contributing to the Civic Pulse Score.
2026-09-24 18:30:00,Malviya Nagar,26.8508,75.806,2.75,11.030000000000001,40.0,0.0,12.046220535127244,6.338492528696707,16.965935646941894,11.2,Normal,0,Normal,High,Malviya Nagar is currently showing mostly normal civic conditions. The Civic Pulse Score is 11/100.,No major signal is currently contributing to the Civic Pulse Score.
2026-09-24 18:30:00,Mansarovar,26.85,75.763,3.24,9.93,39.045,2.0,23.46140547264923,18.754837981457523,5.1365699360188835,16.1,Normal,0,Normal,High,Mansarovar is currently showing mostly normal civic conditions. The Civic Pulse Score is 16/100.,No major signal is currently contributing to the Civic Pulse Score.
2026-09-24 18:30:00,Pratap Nagar,26.815,75.829,2.06,9.205,26.235,3.0,7.570073381604382,12.917600184172752,31.43479601110969,16.9,Normal,0,Normal,High,Pratap Nagar is currently showing mostly normal civic conditions. The Civic Pulse Score is 17/100.,No major signal is currently contributing to the Civic Pulse Score.
2026-09-24 18:30:00,Raja Park,26.9,75.822,3.12,8.545,31.630000000000003,2.0,14.831951153600404,2.1962779447584273,2.1807512655390386,6.0,Normal,0,Normal,High,Raja Park is currently showing mostly normal civic conditions. The Civic Pulse Score is 6/100.,No major signal is currently contributing to the Civic Pulse Score.
2026-09-24 18:30:00,Sanganer,26.8197,75.769,2.91,6.744999999999999,32.665,4.0,2.5343203050471095,16.771904854765584,70.27383302387183,28.6,Moderate Activity,1,Watch,High,Sanganer: One civic signal is showing unusual activity. Observed signals: civic incidents are elevated (4). Civic Pulse Score: 29/100. These signals are temporally associated; the system does not infer causation.,🚨 Civic incidents are elevated (score 70/100).
2026-09-24 18:30:00,Vaishali Nagar,26.9124,75.7485,3.68,10.335,48.405,3.0,18.310156417380256,26.369181143224477,35.34248704922259,26.6,Moderate Activity,0,Normal,High,Vaishali Nagar is currently showing mostly normal civic conditions. The Civic Pulse Score is 27/100.,No major signal is currently contributing to the Civic Pulse Score.
2026-09-24 18:40:00,C-Scheme,26.9118,75.795,1.38,8.059999999999999,37.41,0.0,78.73968262512338,5.452072088537982,19.13632772918621,31.5,Moderate Activity,1,Watch,High,C-Scheme: One civic signal is showing unusual activity. Observed signals: rainfall is unusually high (1.4 mm). Civic Pulse Score: 32/100. These signals are temporally associated; the system does not infer causation.,🌧️ Weather activity is elevated (score 79/100).
2026-09-24 18:40:00,Civil Lines,26.9075,75.787,0.05,10.715,40.31,1.0,24.843435496876864,30.56111465880953,8.356690953957171,22.2,Moderate Activity,0,Normal,High,Civil Lines is currently showing mostly normal civic conditions. The Civic Pulse Score is 22/100.,No major signal is currently contributing to the Civic Pulse Score.
2026-09-24 18:40:00,Durgapura,26.8547,75.805,0.62,7.39,31.765,2.0,34.006923115526476,7.635403100714376,4.110384923067009,14.5,Normal,0,Normal,High,Durgapura is currently showing mostly normal civic conditions. The Civic Pulse Score is 14/100.,No major signal is currently contributing to the Civic Pulse Score.
2026-09-24 18:40:00,Jagatpura,26.839,75.826,2.33,6.695,31.71,2.0,5.339659213405432,28.34430183949676,11.996248477653932,16.5,Normal,0,Normal,High,Jagatpura is currently showing mostly normal civic conditions. The Civic Pulse Score is 16/100.,No major signal is currently contributing to the Civic Pulse Score.
2026-09-24 18:40:00,Malviya Nagar,26.8508,75.806,2.41,12.41,35.96,0.0,10.336347723579575,4.534648864988376,15.848118384040088,9.7,Normal,0,Normal,High,Malviya Nagar is currently showing mostly normal civic conditions. The Civic Pulse Score is 10/100.,No major signal is currently contributing to the Civic Pulse Score.
2026-09-24 18:40:00,Mansarovar,26.85,75.763,3.19,9.405000000000001,31.93,1.0,25.581698718302906,8.671339367553998,7.1911979104264345,13.3,Normal,0,Normal,High,Mansarovar is currently showing mostly normal civic conditions. The Civic Pulse Score is 13/100.,No major signal is currently contributing to the Civic Pulse Score.
2026-09-24 18:40:00,Pratap Nagar,26.815,75.829,3.54,9.23,27.365000000000002,0.0,9.72537317686568,9.369390396366946,33.81581989188076,16.8,Normal,0,Normal,High,Pratap Nagar is currently showing mostly normal civic conditions. The Civic Pulse Score is 17/100.,No major signal is currently contributing to the Civic Pulse Score.
2026-09-24 18:40:00,Raja Park,26.9,75.822,3.56,11.809999999999999,41.995000000000005,3.0,18.83754289020024,27.871179369643258,14.386495343640668,21.1,Moderate Activity,0,Normal,High,Raja Park is currently showing mostly normal civic conditions. The Civic Pulse Score is 21/100.,No major signal is currently contributing to the Civic Pulse Score.
2026-09-24 18:40:00,Sanganer,26.8197,75.769,2.83,8.42,33.41,3.0,3.664697680506305,4.769078089235262,28.772694461469037,11.6,Normal,0,Normal,High,Sanganer is currently showing mostly normal civic conditions. The Civic Pulse Score is 12/100.,No major signal is currently contributing to the Civic Pulse Score.
2026-09-24 18:40:00,Vaishali Nagar,26.9124,75.7485,0.85,11.05,22.15,1.0,11.864238085938963,42.33768998812252,1.5366298717053286,21.0,Moderate Activity,1,Watch,High,Vaishali Nagar: One civic signal is showing unusual activity. Observed signals: traffic congestion is unusually high (22%). Civic Pulse Score: 21/100. These signals are temporally associated; the system does not infer causation.,🚗 Traffic disruption is elevated (score 42/100).
2026-09-24 18:50:00,C-Scheme,26.9118,75.795,1.38,6.59,29.035,0.0,48.06620130268904,28.72364314414289,16.613752688698217,30.9,Moderate Activity,1,Watch,High,C-Scheme: One civic signal is showing unusual activity. Observed signals: rainfall is unusually high (1.4 mm). Civic Pulse Score: 31/100. These signals are temporally associated; the system does not infer causation.,🌧️ Weather activity is elevated (score 48/100).
2026-09-24 18:50:00,Civil Lines,26.9075,75.787,0.05,4.42,34.26,1.0,21.508025170551743,23.889844848725197,8.356690953957171,18.5,Normal,1,Watch,High,Civil Lines: One civic signal is showing unusual activity. Observed signals: traffic delay is unusually high (4.4 min). Civic Pulse Score: 18/100. These signals are temporally associated; the system does not infer causation.,No major signal is currently contributing to the Civic Pulse Score.
2026-09-24 18:50:00,Durgapura,26.8547,75.805,0.62,10.395,35.55,1.0,27.74365569652278,14.143704624327713,13.95381736297477,18.2,Normal,0,Normal,High,Durgapura is currently showing mostly normal civic conditions. The Civic Pulse Score is 18/100.,No major signal is currently contributing to the Civic Pulse Score.
2026-09-24 18:50:00,Jagatpura,26.839,75.826,2.33,11.129999999999999,19.995,3.0,2.9111435162388744,32.938373275996575,8.315520247626285,16.5,Normal,1,Watch,High,Jagatpura: One civic signal is showing unusual activity. Observed signals: traffic congestion is unusually high (20%). Civic Pulse Score: 16/100. These signals are temporally associated; the system does not infer causation.,No major signal is currently contributing to the Civic Pulse Score.
2026-09-24 18:50:00,Malviya Nagar,26.8508,75.806,2.41,5.71,36.21,2.0,7.85614793985642,13.101225937748326,4.166143703124294,8.8,Normal,0,Normal,High,Malviya Nagar is currently showing mostly normal civic conditions. The Civic Pulse Score is 9/100.,No major signal is currently contributing to the Civic Pulse Score.
2026-09-24 18:50:00,Mansarovar,26.85,75.763,3.19,8.98,40.349999999999994,0.0,22.807344932906663,15.468954525862209,19.518965756871754,18.9,Normal,0,Normal,High,Mansarovar is currently showing mostly normal civic conditions. The Civic Pulse Score is 19/100.,No major signal is currently contributing to the Civic Pulse Score.
2026-09-24 18:50:00,Pratap Nagar,26.815,75.829,3.54,7.970000000000001,39.739999999999995,1.0,10.581769489872475,22.077460192004796,9.190208347946598,14.8,Normal,0,Normal,High,Pratap Nagar is currently showing mostly normal civic conditions. The Civic Pulse Score is 15/100.,No major signal is currently contributing to the Civic Pulse Score.
2026-09-24 18:50:00,Raja Park,26.9,75.822,3.56,8.57,39.055,2.0,16.03858745454694,7.746924766068193,0.0,7.9,Normal,0,Normal,High,Raja Park is currently showing mostly normal civic conditions. The Civic Pulse Score is 8/100.,No major signal is currently contributing to the Civic Pulse Score.
2026-09-24 18:50:00,Sanganer,26.8197,75.769,2.83,10.765,33.870000000000005,1.0,0.7148293818041007,17.129695244361493,6.3498247831873496,9.0,Normal,0,Normal,High,Sanganer is currently showing mostly normal civic conditions. The Civic Pulse Score is 9/100.,No major signal is currently contributing to the Civic Pulse Score.
2026-09-24 18:50:00,Vaishali Nagar,26.9124,75.7485,0.85,6.825,33.745,0.0,12.040845046099381,11.653979287638094,19.130226357834264,14.0,Normal,0,Normal,High,Vaishali Nagar is currently showing mostly normal civic conditions. The Civic Pulse Score is 14/100.,No major signal is currently contributing to the Civic Pulse Score.
2026-09-24 19:00:00,C-Scheme,26.9118,75.795,0.0,7.609999999999999,40.31,3.0,64.99960172326841,12.162178799312997,31.74912391593676,33.9,Moderate Activity,1,Watch,High,C-Scheme: One civic signal is showing unusual activity. Observed signals: rainfall is unusually high (0.0 mm). Civic Pulse Score: 34/100. These signals are temporally associated; the system does not infer causation.,🌧️ Weather activity is elevated (score 65/100).
2026-09-24 19:00:00,Civil Lines,26.9075,75.787,2.12,11.455,24.335,2.0,9.141819932745387,41.89912757804492,13.526327956752295,23.6,Moderate Activity,1,Watch,High,Civil Lines: One civic signal is showing unusual activity. Observed signals: traffic congestion is unusually high (24%). Civic Pulse Score: 24/100. These signals are temporally associated; the system does not infer causation.,🚗 Traffic disruption is elevated (score 42/100).
2026-09-24 19:00:00,Durgapura,26.8547,75.805,0.86,6.41,49.34,1.0,18.804717368958485,34.110015153861674,16.90292858875864,24.4,Moderate Activity,1,Watch,High,Durgapura: One civic signal is showing unusual activity. Observed signals: traffic congestion is unusually high (49%). Civic Pulse Score: 24/100. These signals are temporally associated; the system does not infer causation.,No major signal is currently contributing to the Civic Pulse Score.
2026-09-24 19:00:00,Jagatpura,26.839,75.826,1.69,6.045,30.715,5.0,11.612359624898385,23.863776825867458,0.44115944747754154,13.2,Normal,0,Normal,High,Jagatpura is currently showing mostly normal civic conditions. The Civic Pulse Score is 13/100.,No major signal is currently contributing to the Civic Pulse Score.
2026-09-24 19:00:00,Malviya Nagar,26.8508,75.806,1.04,8.049999999999999,31.78,0.0,7.893224322413154,12.436241802704792,22.642203445450146,14.1,Normal,0,Normal,High,Malviya Nagar is currently showing mostly normal civic conditions. The Civic Pulse Score is 14/100.,No major signal is currently contributing to the Civic Pulse Score.
2026-09-24 19:00:00,Mansarovar,26.85,75.763,4.43,12.25,44.735,3.0,38.6415146436461,47.543647597604235,17.859863091518573,36.0,Moderate Activity,1,Watch,High,Mansarovar: One civic signal is showing unusual activity. Observed signals: traffic delay is unusually high (12.2 min). Civic Pulse Score: 36/100. These signals are temporally associated; the system does not infer causation.,🚗 Traffic disruption is elevated (score 48/100).
2026-09-24 19:00:00,Pratap Nagar,26.815,75.829,0.0,7.904999999999999,25.77,0.0,33.23454176312953,19.76700546117071,27.0526559135046,26.0,Moderate Activity,0,Normal,High,Pratap Nagar is currently showing mostly normal civic conditions. The Civic Pulse Score is 26/100.,No major signal is currently contributing to the Civic Pulse Score.
2026-09-24 19:00:00,Raja Park,26.9,75.822,1.61,4.81,34.574999999999996,1.0,16.487367987566802,17.57945693571281,14.386495343640672,16.3,Normal,0,Normal,High,Raja Park is currently showing mostly normal civic conditions. The Civic Pulse Score is 16/100.,No major signal is currently contributing to the Civic Pulse Score.
2026-09-24 19:00:00,Sanganer,26.8197,75.769,0.79,8.495,40.885000000000005,1.0,70.60699709953836,18.30082774264782,8.037531277918673,30.9,Moderate Activity,1,Watch,High,Sanganer: One civic signal is showing unusual activity. Observed signals: rainfall is unusually high (0.8 mm). Civic Pulse Score: 31/100. These signals are temporally associated; the system does not infer causation.,🌧️ Weather activity is elevated (score 71/100).
2026-09-24 19:00:00,Vaishali Nagar,26.9124,75.7485,1.09,7.65,46.349999999999994,1.0,9.633939234514356,9.380754311151563,3.2335545664879115,7.6,Normal,0,Normal,High,Vaishali Nagar is currently showing mostly normal civic conditions. The Civic Pulse Score is 8/100.,No major signal is currently contributing to the Civic Pulse Score.
2026-09-24 19:10:00,C-Scheme,26.9118,75.795,0.85,6.630000000000001,40.17,2.0,30.548860107712752,17.96000239074971,20.914735387347456,22.6,Moderate Activity,0,Normal,High,C-Scheme is currently showing mostly normal civic conditions. The Civic Pulse Score is 23/100.,No major signal is currently contributing to the Civic Pulse Score.
2026-09-24 19:10:00,Civil Lines,26.9075,75.787,1.43,5.515000000000001,31.515,4.0,2.8546691226820933,18.873403713473156,54.10531182700918,24.6,Moderate Activity,1,Watch,High,Civil Lines: One civic signal is showing unusual activity. Observed signals: civic incidents are elevated (4). Civic Pulse Score: 25/100. These signals are temporally associated; the system does not infer causation.,🚨 Civic incidents are elevated (score 54/100).
2026-09-24 19:10:00,Durgapura,26.8547,75.805,0.84,10.84,27.700000000000003,0.0,20.08784635216795,35.57387611788519,35.34248704922261,30.9,Moderate Activity,1,Watch,High,Durgapura: One civic signal is showing unusual activity. Observed signals: traffic delay is unusually high (10.8 min). Civic Pulse Score: 31/100. These signals are temporally associated; the system does not infer causation.,No major signal is currently contributing to the Civic Pulse Score.
2026-09-24 19:10:00,Jagatpura,26.839,75.826,2.05,9.094999999999999,36.525,4.0,2.648628186709165,15.763731760187836,7.734935186182701,9.4,Normal,0,Normal,High,Jagatpura is currently showing mostly normal civic conditions. The Civic Pulse Score is 9/100.,No major signal is currently contributing to the Civic Pulse Score.
2026-09-24 19:10:00,Malviya Nagar,26.8508,75.806,0.22,9.325,37.585,3.0,23.32497355958957,4.953900605267427,27.058145873829737,17.1,Normal,0,Normal,High,Malviya Nagar is currently showing mostly normal civic conditions. The Civic Pulse Score is 17/100.,No major signal is currently contributing to the Civic Pulse Score.
2026-09-24 19:10:00,Mansarovar,26.85,75.763,0.72,8.805,22.82,0.0,17.968885488259655,18.884738417353883,21.0930745179251,19.3,Normal,0,Normal,High,Mansarovar is currently showing mostly normal civic conditions. The Civic Pulse Score is 19/100.,No major signal is currently contributing to the Civic Pulse Score.
2026-09-24 19:10:00,Pratap Nagar,26.815,75.829,1.91,7.54,36.89,1.0,5.978138928274261,14.356073110598825,6.763163978376149,9.6,Normal,0,Normal,High,Pratap Nagar is currently showing mostly normal civic conditions. The Civic Pulse Score is 10/100.,No major signal is currently contributing to the Civic Pulse Score.
2026-09-24 19:10:00,Raja Park,26.9,75.822,1.73,8.96,32.425,0.0,16.126047877256664,4.5862849202835205,26.107325653668617,14.5,Normal,0,Normal,High,Raja Park is currently showing mostly normal civic conditions. The Civic Pulse Score is 14/100.,No major signal is currently contributing to the Civic Pulse Score.
2026-09-24 19:10:00,Sanganer,26.8197,75.769,2.16,9.915,47.365,3.0,18.00903951320427,31.705187341783947,25.51474502030497,25.7,Moderate Activity,1,Watch,High,Sanganer: One civic signal is showing unusual activity. Observed signals: traffic congestion is unusually high (47%). Civic Pulse Score: 26/100. These signals are temporally associated; the system does not infer causation.,No major signal is currently contributing to the Civic Pulse Score.
2026-09-24 19:10:00,Vaishali Nagar,26.9124,75.7485,1.69,7.025,20.195,4.0,0.06936418951943199,26.35197119081022,61.83951305928312,29.1,Moderate Activity,2,Elevated,High,"Vaishali Nagar: Multiple civic signals are showing unusual activity. Observed signals: traffic congestion is unusually high (20%), civic incidents are elevated (4). Civic Pulse Score: 29/100. These signals are temporally associated; the system does not infer causation.",🚨 Civic incidents are elevated (score 62/100).
2026-09-24 19:20:00,C-Scheme,26.9118,75.795,0.85,9.43,31.895000000000003,0.0,25.236146853621165,16.161956186378816,15.73001366667367,18.8,Normal,0,Normal,High,C-Scheme is currently showing mostly normal civic conditions. The Civic Pulse Score is 19/100.,No major signal is currently contributing to the Civic Pulse Score.
2026-09-24 19:20:00,Civil Lines,26.9075,75.787,1.43,10.295,31.61,2.0,4.460073087633914,12.292569393072018,8.037531277918673,8.7,Normal,0,Normal,High,Civil Lines is currently showing mostly normal civic conditions. The Civic Pulse Score is 9/100.,No major signal is currently contributing to the Civic Pulse Score.
2026-09-24 19:20:00,Durgapura,26.8547,75.805,0.84,3.5100000000000002,33.865,1.0,17.36757906405312,25.916154579205724,13.95381736297477,19.8,Normal,1,Watch,High,Durgapura: One civic signal is showing unusual activity. Observed signals: traffic delay is unusually high (3.5 min). Civic Pulse Score: 20/100. These signals are temporally associated; the system does not infer causation.,No major signal is currently contributing to the Civic Pulse Score.
2026-09-24 19:20:00,Jagatpura,26.839,75.826,2.05,7.365,40.519999999999996,0.0,0.05288438191102137,15.158576452012005,37.08490245635825,17.2,Normal,0,Normal,High,Jagatpura is currently showing mostly normal civic conditions. The Civic Pulse Score is 17/100.,No major signal is currently contributing to the Civic Pulse Score.
2026-09-24 19:20:00,Malviya Nagar,26.8508,75.806,0.22,12.46,30.14,1.0,23.95749594784531,25.154406150236657,7.603074030622377,19.5,Normal,0,Normal,High,Malviya Nagar is currently showing mostly normal civic conditions. The Civic Pulse Score is 20/100.,No major signal is currently contributing to the Civic Pulse Score.
2026-09-24 19:20:00,Mansarovar,26.85,75.763,0.72,5.335,24.145,1.0,19.76243816012091,37.61474320251811,9.039889079110758,23.7,Moderate Activity,1,Watch,High,Mansarovar: One civic signal is showing unusual activity. Observed signals: traffic delay is unusually high (5.3 min). Civic Pulse Score: 24/100. These signals are temporally associated; the system does not infer causation.,No major signal is currently contributing to the Civic Pulse Score.
2026-09-24 19:20:00,Pratap Nagar,26.815,75.829,1.91,5.425,27.825,2.0,6.648222374203514,26.21014041794403,13.526327956752302,16.5,Normal,0,Normal,High,Pratap Nagar is currently showing mostly normal civic conditions. The Civic Pulse Score is 16/100.,No major signal is currently contributing to the Civic Pulse Score.
2026-09-24 19:20:00,Raja Park,26.9,75.822,1.73,7.859999999999999,35.39,3.0,17.796243936117303,3.6912515650192756,22.809222091866936,13.7,Normal,0,Normal,High,Raja Park is currently showing mostly normal civic conditions. The Civic Pulse Score is 14/100.,No major signal is currently contributing to the Civic Pulse Score.
2026-09-24 19:20:00,Sanganer,26.8197,75.769,2.16,9.745000000000001,39.665,0.0,15.281764579342932,11.609941988529986,22.809222091866932,16.1,Normal,0,Normal,High,Sanganer is currently showing mostly normal civic conditions. The Civic Pulse Score is 16/100.,No major signal is currently contributing to the Civic Pulse Score.
2026-09-24 19:20:00,Vaishali Nagar,26.9124,75.7485,1.69,7.025,26.035,1.0,0.969166231684041,15.71479052108936,3.878804342102551,7.7,Normal,0,Normal,High,Vaishali Nagar is currently showing mostly normal civic conditions. The Civic Pulse Score is 8/100.,No major signal is currently contributing to the Civic Pulse Score.
2026-09-24 19:30:00,C-Scheme,26.9118,75.795,3.97,8.26,38.525,2.0,21.895203171597363,3.328392619292453,19.53534430816466,13.8,Normal,0,Normal,High,C-Scheme is currently showing mostly normal civic conditions. The Civic Pulse Score is 14/100.,No major signal is currently contributing to the Civic Pulse Score.
2026-09-24 19:30:00,Civil Lines,26.9075,75.787,0.42,9.21,39.695,0.0,22.400970087706607,21.357799339959442,24.112593833756016,22.5,Moderate Activity,0,Normal,High,Civil Lines is currently showing mostly normal civic conditions. The Civic Pulse Score is 22/100.,No major signal is currently contributing to the Civic Pulse Score.
2026-09-24 19:30:00,Durgapura,26.8547,75.805,1.26,10.425,45.370000000000005,0.0,7.495369021463709,28.369547778094137,28.772694461469072,22.2,Moderate Activity,0,Normal,High,Durgapura is currently showing mostly normal civic conditions. The Civic Pulse Score is 22/100.,No major signal is currently contributing to the Civic Pulse Score.
2026-09-24 19:30:00,Jagatpura,26.839,75.826,4.53,7.82,27.55,0.0,67.9332053299158,24.036450650087712,37.08490245635825,41.1,Elevated Activity,1,Watch,High,Jagatpura: One civic signal is showing unusual activity. Observed signals: rainfall is unusually high (4.5 mm). Civic Pulse Score: 41/100. These signals are temporally associated; the system does not infer causation.,🌧️ Weather activity is elevated (score 68/100).
2026-09-24 19:30:00,Malviya Nagar,26.8508,75.806,0.88,6.23,40.95,1.0,15.701747528156396,22.576606433377737,5.411629174765945,15.4,Normal,0,Normal,High,Malviya Nagar is currently showing mostly normal civic conditions. The Civic Pulse Score is 15/100.,No major signal is currently contributing to the Civic Pulse Score.
2026-09-24 19:30:00,Mansarovar,26.85,75.763,0.72,5.74,42.775,5.0,21.875850160898192,29.099957092344013,39.17285267614662,30.0,Moderate Activity,0,Normal,High,Mansarovar is currently showing mostly normal civic conditions. The Civic Pulse Score is 30/100.,No major signal is currently contributing to the Civic Pulse Score.
2026-09-24 19:30:00,Pratap Nagar,26.815,75.829,2.11,8.649999999999999,34.39,5.0,4.996612885517128,2.6393407263340984,71.86754220403168,24.1,Moderate Activity,1,Watch,High,Pratap Nagar: One civic signal is showing unusual activity. Observed signals: civic incidents are elevated (5). Civic Pulse Score: 24/100. These signals are temporally associated; the system does not infer causation.,🚨 Civic incidents are elevated (score 72/100).
2026-09-24 19:30:00,Raja Park,26.9,75.822,1.45,8.0,18.715,1.0,24.787077228889594,20.570477575819588,9.72037754183419,18.6,Normal,0,Normal,High,Raja Park is currently showing mostly normal civic conditions. The Civic Pulse Score is 19/100.,No major signal is currently contributing to the Civic Pulse Score.
2026-09-24 19:30:00,Sanganer,26.8197,75.769,1.74,6.3149999999999995,41.4,2.0,25.77131766695439,36.70727086079187,9.72037754183419,25.3,Moderate Activity,1,Watch,High,Sanganer: One civic signal is showing unusual activity. Observed signals: traffic delay is unusually high (6.3 min). Civic Pulse Score: 25/100. These signals are temporally associated; the system does not infer causation.,No major signal is currently contributing to the Civic Pulse Score.
2026-09-24 19:30:00,Vaishali Nagar,26.9124,75.7485,1.73,6.76,39.68,1.0,2.5501344554317757,9.181700371482107,2.628180713939753,5.2,Normal,0,Normal,High,Vaishali Nagar is currently showing mostly normal civic conditions. The Civic Pulse Score is 5/100.,No major signal is currently contributing to the Civic Pulse Score.
2026-09-24 19:40:00,C-Scheme,26.9118,75.795,1.8,8.05,45.8,1.0,8.643911559086975,16.293782195885818,0.0,9.1,Normal,0,Normal,High,C-Scheme is currently showing mostly normal civic conditions. The Civic Pulse Score is 9/100.,No major signal is currently contributing to the Civic Pulse Score.
2026-09-24 19:40:00,Civil Lines,26.9075,75.787,3.52,8.75,31.700000000000003,2.0,27.25702297631338,3.6940387893754334,10.227475198431062,12.7,Normal,0,Normal,High,Civil Lines is currently showing mostly normal civic conditions. The Civic Pulse Score is 13/100.,No major signal is currently contributing to the Civic Pulse Score.
2026-09-24 19:40:00,Durgapura,26.8547,75.805,0.0,5.8100000000000005,31.955000000000002,1.0,29.909055740385565,14.045631806372377,8.037531277918685,17.0,Normal,0,Normal,High,Durgapura is currently showing mostly normal civic conditions. The Civic Pulse Score is 17/100.,No major signal is currently contributing to the Civic Pulse Score.
2026-09-24 19:40:00,Jagatpura,26.839,75.826,1.92,8.015,41.8,0.0,3.107877037097145,9.835614733328459,30.888275198763612,14.1,Normal,0,Normal,High,Jagatpura is currently showing mostly normal civic conditions. The Civic Pulse Score is 14/100.,No major signal is currently contributing to the Civic Pulse Score.
2026-09-24 19:40:00,Malviya Nagar,26.8508,75.806,3.18,6.37,28.23,1.0,15.285195017328608,24.50064073842644,5.411629174765945,16.0,Normal,0,Normal,High,Malviya Nagar is currently showing mostly normal civic conditions. The Civic Pulse Score is 16/100.,No major signal is currently contributing to the Civic Pulse Score.
2026-09-24 19:40:00,Mansarovar,26.85,75.763,3.14,4.865,42.120000000000005,1.0,16.39963452818041,28.4699218302898,11.513034193180927,19.8,Normal,0,Normal,High,Mansarovar is currently showing mostly normal civic conditions. The Civic Pulse Score is 20/100.,No major signal is currently contributing to the Civic Pulse Score.
2026-09-24 19:40:00,Pratap Nagar,26.815,75.829,2.27,8.32,35.269999999999996,5.0,3.6786922138734153,6.298696673953968,46.40970598246323,17.5,Normal,1,Watch,High,Pratap Nagar: One civic signal is showing unusual activity. Observed signals: civic incidents are elevated (5). Civic Pulse Score: 18/100. These signals are temporally associated; the system does not infer causation.,🚨 Civic incidents are elevated (score 46/100).
2026-09-24 19:40:00,Raja Park,26.9,75.822,1.27,4.85,44.019999999999996,3.0,26.970057033108894,29.743918476346884,19.440755083668375,25.8,Moderate Activity,0,Normal,High,Raja Park is currently showing mostly normal civic conditions. The Civic Pulse Score is 26/100.,No major signal is currently contributing to the Civic Pulse Score.
2026-09-24 19:40:00,Sanganer,26.8197,75.769,1.04,6.239999999999999,30.785,2.0,42.0729801332824,30.470184015439315,8.454385833022712,27.3,Moderate Activity,1,Watch,High,Sanganer: One civic signal is showing unusual activity. Observed signals: rainfall is unusually high (1.0 mm). Civic Pulse Score: 27/100. These signals are temporally associated; the system does not infer causation.,🌧️ Weather activity is elevated (score 42/100).
2026-09-24 19:40:00,Vaishali Nagar,26.9124,75.7485,4.17,10.045,33.129999999999995,1.0,41.10790210722233,17.288685387384618,4.110384923067007,20.5,Moderate Activity,1,Watch,High,Vaishali Nagar: One civic signal is showing unusual activity. Observed signals: rainfall is unusually high (4.2 mm). Civic Pulse Score: 20/100. These signals are temporally associated; the system does not infer causation.,🌧️ Weather activity is elevated (score 41/100).
2026-09-24 19:50:00,C-Scheme,26.9118,75.795,1.8,5.485,51.77,2.0,6.942732772872642,41.79968787578506,16.569385343229428,23.8,Moderate Activity,2,Elevated,High,"C-Scheme: Multiple civic signals are showing unusual activity. Observed signals: traffic delay is unusually high (5.5 min), traffic congestion is unusually high (52%). Civic Pulse Score: 24/100. These signals are temporally associated; the system does not infer causation.",🚗 Traffic disruption is elevated (score 42/100).
2026-09-24 19:50:00,Civil Lines,26.9075,75.787,3.52,7.55,33.760000000000005,1.0,24.859592678171825,6.53947430444499,6.349824783187349,12.0,Normal,0,Normal,High,Civil Lines is currently showing mostly normal civic conditions. The Civic Pulse Score is 12/100.,No major signal is currently contributing to the Civic Pulse Score.
2026-09-24 19:50:00,Durgapura,26.8547,75.805,0.0,3.6049999999999995,29.884999999999998,0.0,26.017353639545533,28.065802498100567,27.17002360607273,27.2,Moderate Activity,0,Normal,High,Durgapura is currently showing mostly normal civic conditions. The Civic Pulse Score is 27/100.,No major signal is currently contributing to the Civic Pulse Score.
2026-09-24 19:50:00,Jagatpura,26.839,75.826,1.92,7.035,32.765,1.0,5.914294674037281,15.63988387165761,19.7735584159583,14.0,Normal,0,Normal,High,Jagatpura is currently showing mostly normal civic conditions. The Civic Pulse Score is 14/100.,No major signal is currently contributing to the Civic Pulse Score.
2026-09-24 19:50:00,Malviya Nagar,26.8508,75.806,3.18,8.105,26.674999999999997,1.0,13.270886479578483,18.511921480058113,4.110384923067046,12.6,Normal,0,Normal,High,Malviya Nagar is currently showing mostly normal civic conditions. The Civic Pulse Score is 13/100.,No major signal is currently contributing to the Civic Pulse Score.
2026-09-24 19:50:00,Mansarovar,26.85,75.763,3.14,8.55,26.560000000000002,0.0,13.738019793206364,10.1152550795187,20.96518272882829,14.5,Normal,0,Normal,High,Mansarovar is currently showing mostly normal civic conditions. The Civic Pulse Score is 14/100.,No major signal is currently contributing to the Civic Pulse Score.
2026-09-24 19:50:00,Pratap Nagar,26.815,75.829,2.27,10.2,41.769999999999996,1.0,0.47966220623596223,20.360864392193832,10.592021847147631,11.5,Normal,0,Normal,High,Pratap Nagar is currently showing mostly normal civic conditions. The Civic Pulse Score is 12/100.,No major signal is currently contributing to the Civic Pulse Score.
2026-09-24 19:50:00,Raja Park,26.9,75.822,1.27,9.39,38.975,5.0,22.962431155701573,17.451111755073512,48.60188770917094,28.4,Moderate Activity,1,Watch,High,Raja Park: One civic signal is showing unusual activity. Observed signals: civic incidents are elevated (5). Civic Pulse Score: 28/100. These signals are temporally associated; the system does not infer causation.,🚨 Civic incidents are elevated (score 49/100).
2026-09-24 19:50:00,Sanganer,26.8197,75.769,1.04,8.525,27.475,0.0,32.81326001994094,16.77933298472855,24.129334176111925,23.8,Moderate Activity,0,Normal,High,Sanganer is currently showing mostly normal civic conditions. The Civic Pulse Score is 24/100.,No major signal is currently contributing to the Civic Pulse Score.
2026-09-24 19:50:00,Vaishali Nagar,26.9124,75.7485,4.17,6.8549999999999995,33.97,1.0,32.50255959703708,7.585420847024496,4.110384923067007,14.0,Normal,0,Normal,High,Vaishali Nagar is currently showing mostly normal civic conditions. The Civic Pulse Score is 14/100.,No major signal is currently contributing to the Civic Pulse Score.
